time,latitude,longitude,depth,mag,magType,nst,gap,dmin,rms,net,id,updated,place,type,horizontalError,depthError,magError,magNst,status,locationSource,magSource
2019-10-07T19:54:50.990Z,38.8356667,-122.8099976,2.08,0.56,md,8,77,0.01225,0.01,nc,nc73288315,2019-10-07T19:56:29.819Z,"8km WNW of Cobb, CA",earthquake,0.43,1.31,,1,automatic,nc,nc
2019-10-07T19:51:19.230Z,38.8138351,-122.8198318,2.72,0.88,md,21,51,0.008827,0.02,nc,nc73288305,2019-10-07T19:58:03.556Z,"7km NW of The Geysers, CA",earthquake,0.26,0.41,0.16,3,automatic,nc,nc
2019-10-07T19:50:40.120Z,35.5311667,-117.366,7.9,1.89,ml,35,68,0.006318,0.18,ci,ci39117464,2019-10-07T19:54:32.975Z,"26km S of Trona, CA",earthquake,0.28,0.6,0.119,26,automatic,ci,ci
2019-10-07T19:45:12.278Z,65.7987,-151.2797,0,1.6,ml,,,,0.73,ak,ak019cve232m,2019-10-07T19:49:05.594Z,"79km NNE of Tanana, Alaska",earthquake,,0.5,,,automatic,ak,ak
2019-10-07T19:34:50.450Z,36.0456667,-117.8613333,1.47,0.97,ml,13,152,0.04458,0.16,ci,ci39117416,2019-10-07T19:38:22.400Z,"8km E of Coso Junction, CA",earthquake,0.39,0.29,0.188,15,automatic,ci,ci
2019-10-07T19:34:21.100Z,36.1116667,-117.8826667,4.71,1.11,ml,16,112,0.02328,0.11,ci,ci39117408,2019-10-07T19:37:58.398Z,"10km NE of Coso Junction, CA",earthquake,0.3,0.43,0.247,17,automatic,ci,ci
2019-10-07T19:16:16.830Z,35.8383333,-117.6668333,7.76,1.67,ml,21,78,0.06068,0.18,ci,ci39117368,2019-10-07T19:20:04.242Z,"24km N of Ridgecrest, CA",earthquake,0.27,0.81,0.167,26,automatic,ci,ci
2019-10-07T19:12:21.240Z,33.9786667,-117.0531667,2.09,0.81,ml,23,88,0.08309,0.28,ci,ci39117352,2019-10-07T19:16:03.268Z,"1km S of Calimesa, CA",earthquake,0.43,0.98,0.223,22,automatic,ci,ci
2019-10-07T19:05:07.640Z,35.6585,-117.346,1.81,1.5,ml,24,116,0.08422,0.19,ci,ci39117328,2019-10-07T19:08:53.189Z,"12km SSE of Trona, CA",earthquake,0.34,0.58,0.13,20,automatic,ci,ci
2019-10-07T19:03:51.713Z,63.5675,-147.2463,10.1,1.3,ml,,,,1,ak,ak019cvdt5zr,2019-10-07T19:09:46.673Z,"87km ENE of Cantwell, Alaska",earthquake,,0.3,,,automatic,ak,ak
2019-10-07T18:56:01.360Z,36.1126667,-117.8803333,4.51,2,ml,26,56,0.0212,0.11,ci,ci39117304,2019-10-07T18:59:56.915Z,"10km NE of Coso Junction, CA",earthquake,0.2,0.31,0.261,26,automatic,ci,ci
2019-10-07T18:51:56.230Z,19.1800003,-155.4476624,37.9,1.98,md,43,140,0.02802,0.1,hv,hv71170391,2019-10-07T18:55:20.470Z,"4km SE of Pahala, Hawaii",earthquake,0.67,0.64,0.08,6,automatic,hv,hv
2019-10-07T18:43:37.180Z,35.9206667,-117.6445,27.55,0.86,ml,10,93,0.02759,0.21,ci,ci39117280,2019-10-07T18:47:25.884Z,"24km E of Little Lake, CA",earthquake,2.12,1.64,0.241,6,automatic,ci,ci
2019-10-07T18:42:59.069Z,60.2564,-143.4042,0,1.6,ml,,,,1.4,ak,ak019cvdg3si,2019-10-07T18:46:40.636Z,"58km WNW of Cape Yakataga, Alaska",earthquake,,1.2,,,automatic,ak,ak
2019-10-07T18:39:14.040Z,38.8366661,-122.8003311,1.94,0.89,md,11,69,0.007992,0.01,nc,nc73288255,2019-10-07T18:47:03.597Z,"7km WNW of Cobb, CA",earthquake,0.4,0.59,,1,automatic,nc,nc
2019-10-07T18:37:31.800Z,38.8154984,-122.8231659,3.02,0.9,md,18,68,0.008118,0.02,nc,nc73288250,2019-10-07T18:45:04.580Z,"7km NW of The Geysers, CA",earthquake,0.27,0.5,0.21,5,automatic,nc,nc
2019-10-07T18:28:56.920Z,35.7695,-117.5745,9.58,0.92,ml,19,114,0.04979,0.16,ci,ci39117248,2019-10-07T18:32:37.934Z,"15km W of Searles Valley, CA",earthquake,0.41,0.81,0.201,10,automatic,ci,ci
2019-10-07T18:25:05.846Z,58.1986,-155.3945,0,1.4,ml,,,,1.02,ak,ak019cvdccj7,2019-10-07T18:34:27.500Z,"91km SE of King Salmon, Alaska",earthquake,,0.5,,,automatic,ak,ak
2019-10-07T18:12:23.600Z,36.0578333,-117.398,2.07,1.92,ml,31,79,0.07375,0.18,ci,ci39117232,2019-10-07T18:23:35.150Z,"32km N of Searles Valley, CA",earthquake,0.27,0.58,0.096,26,automatic,ci,ci
2019-10-07T18:00:12.160Z,34.0255,-117.2105,15.46,1.12,ml,33,50,0.1393,0.27,ci,ci39117224,2019-10-07T18:03:55.279Z,"4km SW of Redlands, CA",earthquake,0.43,1.1,0.272,32,automatic,ci,ci
2019-10-07T17:57:17.975Z,61.34,-151.8879,87.9,1.2,ml,,,,0.34,ak,ak019cvcxsr5,2019-10-07T18:01:57.426Z,"79km NNW of Nikiski, Alaska",earthquake,,0.5,,,automatic,ak,ak
2019-10-07T17:55:21.660Z,33.5255,-116.8635,10.79,0.96,ml,36,38,0.105,0.23,ci,ci39117208,2019-10-07T17:59:07.880Z,"9km N of Aguanga, CA",earthquake,0.28,0.64,0.241,28,automatic,ci,ci
2019-10-07T17:52:23.727Z,36.6456,-116.1142,5.4,-0.5,ml,12,132.55,0.052,0.1078,nn,nn00706600,2019-10-07T18:12:22.323Z,"49km NNW of Pahrump, Nevada",earthquake,,1.3,0.35,4,reviewed,nn,nn
2019-10-07T17:45:40.966Z,60.2439,-152.4911,102,2,ml,,,,0.42,ak,ak019cvcv9ya,2019-10-07T18:04:03.040Z,"30km SSE of Redoubt Volcano, Alaska",earthquake,,0.4,,,automatic,ak,ak
2019-10-07T17:35:04.857Z,63.1026,-151.4687,4.1,1.5,ml,,,,0.56,ak,ak019cvct1zu,2019-10-07T17:47:01.818Z,"111km NW of Talkeetna, Alaska",earthquake,,0.3,,,automatic,ak,ak
2019-10-07T17:30:01.370Z,35.6155,-117.4721667,3.12,0.8,ml,17,61,0.03006,0.2,ci,ci39117152,2019-10-07T17:33:44.233Z,"18km SSW of Searles Valley, CA",earthquake,0.34,0.43,0.228,7,automatic,ci,ci
2019-10-07T17:21:46.580Z,33.553,-116.4018333,8.63,0.74,ml,33,76,0.03562,0.14,ci,ci39117136,2019-10-07T17:25:35.889Z,"15km SW of La Quinta, CA",earthquake,0.22,0.42,0.175,17,automatic,ci,ci
2019-10-07T17:12:24.870Z,32.9183333,-115.5026667,8.96,2.2,ml,27,59,0.05164,0.23,ci,ci39117096,2019-10-07T17:23:10.280Z,"7km SSE of Brawley, CA",earthquake,0.41,0.88,0.229,27,automatic,ci,ci
2019-10-07T17:10:50.497Z,61.9706,-152.01,124.2,1.7,ml,,,,0.45,ak,ak019cvcnslx,2019-10-07T17:31:57.218Z,"106km WNW of Willow, Alaska",earthquake,,0.5,,,automatic,ak,ak
2019-10-07T17:10:42.830Z,32.9203333,-115.5058333,6.14,1.54,ml,17,59,0.04985,0.13,ci,ci39117088,2019-10-07T17:14:30.117Z,"7km SSE of Brawley, CA",earthquake,0.34,0.84,0.283,24,automatic,ci,ci
2019-10-07T17:01:47.485Z,62.3864,-151.4104,78.9,1.4,ml,,,,0.4,ak,ak019cvcluxn,2019-10-07T17:11:42.387Z,"67km W of Talkeetna, Alaska",earthquake,,0.9,,,automatic,ak,ak
2019-10-07T16:49:40.610Z,35.7981667,-117.6293333,3.79,0.65,ml,11,77,0.03125,0.12,ci,ci39117048,2019-10-07T16:53:17.466Z,"20km NNE of Ridgecrest, CA",earthquake,0.28,0.54,0.166,7,automatic,ci,ci
2019-10-07T16:44:59.920Z,36.0986667,-117.9105,3.96,1.51,ml,20,60,0.04885,0.18,ci,ci39117040,2019-10-07T16:56:31.370Z,"7km NNE of Coso Junction, CA",earthquake,0.33,0.6,0.174,20,reviewed,ci,ci
2019-10-07T16:43:37.800Z,35.6295,-117.4436667,2.69,1,ml,17,83,0.03909,0.14,ci,ci39117024,2019-10-07T16:47:25.904Z,"16km SSW of Searles Valley, CA",earthquake,0.24,0.27,0.158,12,automatic,ci,ci
2019-10-07T16:34:34.990Z,19.4136658,-155.2749939,0.53,1.76,md,24,41,0.009467,0.16,hv,hv71170081,2019-10-07T16:40:17.450Z,"4km WSW of Volcano, Hawaii",earthquake,0.15,0.17,0.25,18,automatic,hv,hv
2019-10-07T16:31:57.230Z,38.8074989,-122.8174973,2.73,0.75,md,15,90,0.009228,0.04,nc,nc73288160,2019-10-07T17:35:21.213Z,"6km WNW of The Geysers, CA",earthquake,0.29,0.55,0.13,4,automatic,nc,nc
2019-10-07T16:26:14.068Z,61.5389,-147.2373,20.5,1.5,ml,,,,0.98,ak,ak019cvc5pnj,2019-10-07T16:29:42.651Z,"65km NW of Valdez, Alaska",earthquake,,0.3,,,automatic,ak,ak
2019-10-07T16:12:34.550Z,38.7965012,-122.7403336,1.42,1.19,md,16,60,0.01914,0.04,nc,nc73288145,2019-10-07T18:37:02.530Z,"2km NNE of The Geysers, CA",earthquake,0.23,0.45,0.1,6,automatic,nc,nc
2019-10-07T16:07:55.720Z,38.9445,-123.003334,5.78,2.04,md,29,78,0.07271,0.07,nc,nc73288140,2019-10-07T18:09:04.330Z,"13km SW of Lakeport, CA",earthquake,0.3,0.73,0.19,17,automatic,nc,nc
2019-10-07T16:06:04.010Z,33.4841667,-116.5135,14.02,0.54,ml,24,56,0.07459,0.21,ci,ci39116912,2019-10-07T16:56:16.394Z,"17km ESE of Anza, CA",earthquake,0.37,0.64,0.17,17,reviewed,ci,ci
2019-10-07T16:01:09.610Z,36.092,-117.8618333,5.27,1.67,ml,23,55,0.02614,0.17,ci,ci39116904,2019-10-07T16:57:36.680Z,"9km NE of Coso Junction, CA",earthquake,0.3,0.63,0.249,24,reviewed,ci,ci
2019-10-07T16:00:20.050Z,33.5995,-116.808,6.52,0.83,ml,40,35,0.0371,0.25,ci,ci39116888,2019-10-07T16:04:10.159Z,"13km WNW of Anza, CA",earthquake,0.36,0.59,0.164,28,automatic,ci,ci
2019-10-07T15:59:46.740Z,35.6781667,-117.4316667,5.79,0.21,ml,12,97,0.01455,0.12,ci,ci39116872,2019-10-07T17:15:51.632Z,"10km SSW of Searles Valley, CA",earthquake,0.26,0.51,0.165,3,reviewed,ci,ci
2019-10-07T15:49:54.300Z,35.6061667,-117.595,4.05,1.26,ml,20,43,0.02638,0.15,ci,ci39116856,2019-10-07T15:53:36.087Z,"8km ESE of Ridgecrest, CA",earthquake,0.26,0.57,0.217,17,automatic,ci,ci
2019-10-07T15:48:44.787Z,62.1784,-154.346,0,2.2,ml,,,,0.67,ak,ak019cvbp266,2019-10-07T15:52:54.266Z,"107km SE of McGrath, Alaska",earthquake,,0.3,,,automatic,ak,ak
2019-10-07T15:42:47.180Z,35.6785,-117.557,6.64,0.67,ml,16,119,0.05719,0.21,ci,ci39116840,2019-10-07T15:46:33.042Z,"12km ENE of Ridgecrest, CA",earthquake,0.5,1.08,0.247,6,automatic,ci,ci
2019-10-07T15:41:53.340Z,59.6848,-138.9382,13.6,1.6,ml,,,,0.5,ak,ak019cvbnkti,2019-10-07T15:44:42.037Z,"47km ENE of Yakutat, Alaska",earthquake,,0.2,,,automatic,ak,ak
2019-10-07T15:36:22.860Z,35.8295,-117.6713333,3.05,0.7,ml,10,82,0.06155,0.2,ci,ci39116832,2019-10-07T15:39:54.997Z,"23km N of Ridgecrest, CA",earthquake,0.34,0.49,0.144,6,automatic,ci,ci
2019-10-07T15:34:46.740Z,35.831,-117.6656667,4.46,1.18,ml,19,75,0.05744,0.17,ci,ci39116824,2019-10-07T15:38:29.986Z,"23km N of Ridgecrest, CA",earthquake,0.27,0.54,0.196,13,automatic,ci,ci
2019-10-07T15:34:24.490Z,38.7976685,-122.7389984,0.95,1.19,md,19,51,0.01452,0.05,nc,nc73288120,2019-10-07T17:39:04.124Z,"3km NNE of The Geysers, CA",earthquake,0.21,0.47,0.16,7,automatic,nc,nc
2019-10-07T15:30:13.430Z,35.8766667,-117.6803333,2.57,0.66,ml,10,85,0.07513,0.2,ci,ci39116816,2019-10-07T15:33:50.106Z,"21km ESE of Little Lake, CA",earthquake,0.46,0.66,0.095,9,automatic,ci,ci
2019-10-07T15:21:15.800Z,37.6431656,-118.9514999,4.61,0.88,md,10,129,0.02466,0.01,nc,nc73288115,2019-10-07T17:35:22.030Z,"2km ENE of Mammoth Lakes, CA",earthquake,0.58,0.96,0.17,9,automatic,nc,nc
2019-10-07T15:20:43.969Z,-44.1714,38.8831,10,4.6,mb,,102,14.597,0.92,us,us70005rl8,2019-10-07T16:38:17.040Z,"Prince Edward Islands region",earthquake,13.6,1.9,0.109,25,reviewed,us,us
2019-10-07T15:20:10.670Z,35.9031667,-117.747,7.17,1.62,ml,26,43,0.07362,0.16,ci,ci39116784,2019-10-07T16:57:41.450Z,"15km ESE of Little Lake, CA",earthquake,0.21,0.72,0.156,22,reviewed,ci,ci
2019-10-07T15:18:09.820Z,33.053,-116.4363333,8.54,0.72,ml,16,84,0.08383,0.18,ci,ci39116768,2019-10-07T15:21:57.400Z,"16km E of Julian, CA",earthquake,0.41,1.54,0.185,10,automatic,ci,ci
2019-10-07T15:02:50.810Z,35.658,-117.4498333,5.71,0.98,ml,18,75,0.02245,0.16,ci,ci39116736,2019-10-07T15:06:36.957Z,"13km SSW of Searles Valley, CA",earthquake,0.32,0.56,0.19,8,automatic,ci,ci
2019-10-07T14:51:09.410Z,35.6146667,-117.4881667,4.95,1.61,ml,24,52,0.01546,0.22,ci,ci39116712,2019-10-07T14:54:52.723Z,"17km E of Ridgecrest, CA",earthquake,0.3,0.5,0.227,25,automatic,ci,ci
2019-10-07T14:35:05.220Z,33.7878333,-116.1043333,8.23,0.64,ml,14,97,0.098,0.18,ci,ci39116696,2019-10-07T14:38:45.635Z,"13km NE of Indio, CA",earthquake,0.36,1.66,0.127,12,automatic,ci,ci
2019-10-07T14:29:33.007Z,61.992,-150.3849,18.9,1.1,ml,,,,0.61,ak,ak019cvazj1w,2019-10-07T14:33:16.449Z,"32km NNW of Willow, Alaska",earthquake,,0.2,,,automatic,ak,ak
2019-10-07T14:29:25.870Z,33.208,-116.0571667,3.24,1.12,ml,32,67,0.1657,0.27,ci,ci39116680,2019-10-07T14:33:08.600Z,"10km NE of Ocotillo Wells, CA",earthquake,0.38,1.65,0.215,28,automatic,ci,ci
2019-10-07T14:24:56.686Z,62.9396,-150.4486,99.9,1.3,ml,,,,0.37,ak,ak019cvayiaz,2019-10-07T14:33:15.951Z,"70km NNW of Talkeetna, Alaska",earthquake,,0.7,,,automatic,ak,ak
2019-10-07T14:22:12.293Z,-48.8794,123.8094,10,4.8,mb,,129,16.681,0.88,us,us70005rkt,2019-10-07T15:45:11.040Z,"Western Indian-Antarctic Ridge",earthquake,6.5,1.9,0.111,25,reviewed,us,us
2019-10-07T14:19:51.341Z,63.4478,-148.5688,17,0.8,ml,,,,0.19,ak,ak019cvaxfb2,2019-10-07T14:29:34.757Z,"20km ENE of Cantwell, Alaska",earthquake,,0.4,,,automatic,ak,ak
2019-10-07T14:11:13.080Z,35.6356667,-117.4488333,6.95,0.58,ml,17,75,0.03582,0.15,ci,ci39116656,2019-10-07T14:45:09.612Z,"15km SSW of Searles Valley, CA",earthquake,0.33,0.5,0.207,7,reviewed,ci,ci
2019-10-07T14:09:39.388Z,38.3329,-116.5908,8.6,1,ml,15,269.33,0.789,0.3202,nn,nn00706587,2019-10-07T14:52:37.422Z,"24km NW of Warm Springs, Nevada",earthquake,,2.5,0.9,4,reviewed,nn,nn
2019-10-07T14:06:19.090Z,38.8019981,-122.7721634,2.57,0.64,md,8,76,0.01514,0.01,nc,nc73288090,2019-10-07T14:22:03.200Z,"3km NNW of The Geysers, CA",earthquake,0.56,1.72,0.09,2,automatic,nc,nc
2019-10-07T14:04:23.990Z,35.6906667,-117.4778333,4.12,1.02,ml,18,141,0.05093,0.2,ci,ci39116640,2019-10-07T14:08:09.257Z,"11km SW of Searles Valley, CA",earthquake,0.42,0.94,0.18,11,automatic,ci,ci
2019-10-07T14:02:14.133Z,61.7816,-149.6786,31,1.2,ml,,,,0.59,ak,ak019cvatp9g,2019-10-07T14:07:58.283Z,"17km NNW of Meadow Lakes, Alaska",earthquake,,0.3,,,automatic,ak,ak
2019-10-07T14:00:40.156Z,63.1352,-149.8073,91,1.5,ml,,,,0.54,ak,ak019cvatbuw,2019-10-07T14:09:39.106Z,"51km WSW of Cantwell, Alaska",earthquake,,0.6,,,automatic,ak,ak
2019-10-07T13:59:18.810Z,35.8643333,-117.6823333,4.68,1.59,ml,26,44,0.08427,0.18,ci,ci39116632,2019-10-07T14:03:15.417Z,"22km ESE of Little Lake, CA",earthquake,0.25,0.56,0.177,26,automatic,ci,ci
2019-10-07T13:58:23.130Z,35.9725,-117.675,2.63,0.9,ml,13,105,0.03165,0.16,ci,ci39116624,2019-10-07T14:02:06.413Z,"21km E of Little Lake, CA",earthquake,0.44,0.28,0.123,10,automatic,ci,ci
2019-10-07T13:53:55.910Z,35.6131667,-117.489,5.67,2.43,ml,36,49,0.01385,0.14,ci,ci39116616,2019-10-07T14:04:46.390Z,"17km E of Ridgecrest, CA",earthquake,0.18,0.39,0.21,25,automatic,ci,ci
2019-10-07T13:48:33.689Z,58.8257,-142.733,0,2.8,ml,,,,0.25,us,us70005rkh,2019-10-07T14:00:05.040Z,"139km S of Cape Yakataga, Alaska",earthquake,5.8,8,,,reviewed,ak,ak
2019-10-07T13:43:51.830Z,19.188,-67.2556,42,2.65,md,11,299,0.7348,0.16,pr,pr2019280017,2019-10-07T14:24:34.040Z,"65km N of San Antonio, Puerto Rico",earthquake,1.21,5.03,0.11,11,reviewed,pr,pr
2019-10-07T13:42:16.780Z,37.6450005,-118.9513321,4.9,0.96,md,13,102,0.02292,0.01,nc,nc73288075,2019-10-07T13:58:02.319Z,"3km ENE of Mammoth Lakes, CA",earthquake,0.87,0.93,0.17,11,automatic,nc,nc
2019-10-07T13:36:04.744Z,61.8624,-152.1742,135.7,1.7,ml,,,,0.9,ak,ak019cvafja2,2019-10-07T13:41:49.122Z,"113km W of Willow, Alaska",earthquake,,0.6,,,automatic,ak,ak
2019-10-07T13:31:07.510Z,35.8416667,-117.6678333,6.98,0.9,ml,15,81,0.06273,0.31,ci,ci39116600,2019-10-07T13:34:55.164Z,"24km ESE of Little Lake, CA",earthquake,0.65,1.24,0.188,13,automatic,ci,ci
2019-10-07T13:29:29.890Z,35.8683333,-117.698,6.6,0.78,ml,11,73,0.08069,0.14,ci,ci39116592,2019-10-07T13:32:59.233Z,"20km ESE of Little Lake, CA",earthquake,0.36,0.85,0.157,9,automatic,ci,ci
2019-10-07T13:21:00.908Z,68.664,-147.5096,0.2,2.4,ml,,,,0.95,ak,ak019cvacb8d,2019-10-07T13:27:55.384Z,"100km NW of Arctic Village, Alaska",earthquake,,0.8,,,automatic,ak,ak
2019-10-07T13:19:50.700Z,35.9283333,-117.754,9.68,0.55,ml,10,81,0.05579,0.21,ci,ci39116576,2019-10-07T13:23:21.168Z,"14km E of Little Lake, CA",earthquake,0.74,2.12,0.071,4,automatic,ci,ci
2019-10-07T13:17:27.090Z,36.7405014,-121.4075012,7.61,1.23,md,8,159,0.03961,0.02,nc,nc73288070,2019-10-07T16:16:03.668Z,"9km SSW of Ridgemark, CA",earthquake,1.25,2.46,0.16,6,automatic,nc,nc
2019-10-07T13:17:11.735Z,60.1713,-141.2922,0,1.9,ml,,,,0.94,ak,ak019cvabh7y,2019-10-07T13:23:03.396Z,"64km E of Cape Yakataga, Alaska",earthquake,,1,,,automatic,ak,ak
2019-10-07T13:12:13.420Z,35.7953333,-117.6076667,10.56,0.77,ml,14,106,0.02197,0.17,ci,ci39116568,2019-10-07T14:46:12.189Z,"19km W of Searles Valley, CA",earthquake,0.45,0.76,0.208,8,reviewed,ci,ci
2019-10-07T13:11:25.906Z,62.9655,-149.6102,73.5,1.6,ml,,,,0.66,ak,ak019cvaa806,2019-10-07T13:17:41.400Z,"57km SW of Cantwell, Alaska",earthquake,,0.6,,,automatic,ak,ak
2019-10-07T12:50:00.510Z,35.9245,-117.7143333,2.53,0.84,ml,18,50,0.05691,0.19,ci,ci39116512,2019-10-07T13:00:30.000Z,"17km E of Little Lake, CA",earthquake,0.29,0.48,0.102,11,reviewed,ci,ci
2019-10-07T12:45:58.480Z,38.8199997,-122.791832,3.16,0.4,md,9,78,0.01232,0.02,nc,nc73288060,2019-10-07T13:36:03.182Z,"6km NNW of The Geysers, CA",earthquake,0.5,0.8,0.15,2,automatic,nc,nc
2019-10-07T12:40:12.050Z,37.642334,-118.9486694,4.64,0.91,md,8,129,0.0247,0.01,nc,nc73288055,2019-10-07T13:24:03.105Z,"3km ENE of Mammoth Lakes, CA",earthquake,2.01,2.67,0.2,8,automatic,nc,nc
2019-10-07T12:35:46.503Z,27.4049,91.3314,10,4.7,mb,,155,8.412,0.55,us,us70005rkb,2019-10-07T15:51:24.813Z,"17km NNE of Mongar, Bhutan",earthquake,13.2,2,0.083,44,reviewed,us,us
2019-10-07T12:32:12.560Z,33.1485,-115.5436667,3.89,1.31,ml,8,221,0.07465,0.18,ci,ci39116488,2019-10-07T12:36:01.505Z,"4km NW of Calipatria, CA",earthquake,1.79,1.25,0.151,19,automatic,ci,ci
2019-10-07T12:25:49.660Z,19.2026672,-155.4361725,34.15,2.16,md,52,150,0.05036,0.12,hv,hv71169726,2019-10-07T12:31:32.650Z,"4km E of Pahala, Hawaii",earthquake,0.53,0.67,0.21,33,automatic,hv,hv
2019-10-07T12:24:13.220Z,18.3203,-67.0148,15,2.05,md,11,102,0.1611,0.17,pr,pr2019280018,2019-10-07T17:21:06.951Z,"3km SW of San Sebastian, Puerto Rico",earthquake,0.37,1.08,0.23,7,reviewed,pr,pr
2019-10-07T12:20:16.710Z,34.7955,-118.9066667,13.87,1.43,ml,29,40,0.03423,0.26,ci,ci39116464,2019-10-07T12:23:45.364Z,"5km SE of Frazier Park, CA",earthquake,0.48,0.8,0.231,30,automatic,ci,ci
2019-10-07T12:19:08.949Z,60.2012,-152.8367,114.2,1.9,ml,,,,0.62,ak,ak019cv9qgsj,2019-10-07T12:28:29.539Z,"32km S of Redoubt Volcano, Alaska",earthquake,,0.4,,,automatic,ak,ak
2019-10-07T12:06:40.700Z,37.6413345,-118.9521637,4.51,0.98,md,13,132,0.02655,0.02,nc,nc73288040,2019-10-07T13:12:04.015Z,"2km ENE of Mammoth Lakes, CA",earthquake,0.47,0.85,0.21,11,automatic,nc,nc
2019-10-07T12:06:00.040Z,36.6570015,-121.2708359,5.03,1.97,md,19,140,0.04905,0.06,nc,nc73288035,2019-10-07T15:48:02.401Z,"15km SSE of Tres Pinos, CA",earthquake,0.37,1.09,0.19,18,automatic,nc,nc
2019-10-07T11:59:47.970Z,38.7971649,-122.7385025,1.63,1.17,md,15,74,0.01398,0.04,nc,nc73288030,2019-10-07T15:18:03.142Z,"3km NE of The Geysers, CA",earthquake,0.24,0.5,0.12,6,automatic,nc,nc
2019-10-07T11:58:45.550Z,38.8396683,-122.8243332,1.54,0.57,md,13,91,0.008777,0.01,nc,nc73288025,2019-10-07T12:36:03.785Z,"9km WNW of Cobb, CA",earthquake,0.3,0.66,,1,automatic,nc,nc
2019-10-07T11:44:54.380Z,38.8191681,-122.8426666,1.75,1.86,md,33,55,0.00715,0.07,nc,nc73288015,2019-10-07T14:22:04.146Z,"9km WNW of The Geysers, CA",earthquake,0.19,0.29,0.16,14,automatic,nc,nc
2019-10-07T11:44:47.790Z,38.8181648,-122.7994995,3.87,0.55,md,10,141,0.009773,0.03,nc,nc73288010,2019-10-07T13:55:03.296Z,"6km NW of The Geysers, CA",earthquake,0.52,1.39,,1,automatic,nc,nc
2019-10-07T11:39:56.160Z,33.5051667,-116.7861667,7.04,0.5,ml,18,46,0.07263,0.12,ci,ci39116432,2019-10-07T13:01:02.471Z,"10km NE of Aguanga, CA",earthquake,0.24,0.75,0.122,11,reviewed,ci,ci
2019-10-07T11:37:35.060Z,34.3093333,-116.423,7.63,1.09,ml,18,74,0.03792,0.23,ci,ci39116424,2019-10-07T11:41:16.802Z,"22km N of Yucca Valley, CA",earthquake,0.46,0.87,0.165,23,automatic,ci,ci
2019-10-07T11:26:49.990Z,37.6461678,-118.9524994,4.56,1.11,md,14,123,0.02226,0.03,nc,nc73288005,2019-10-07T13:28:02.131Z,"2km ENE of Mammoth Lakes, CA",earthquake,0.7,0.97,0.1,14,automatic,nc,nc
2019-10-07T11:11:49.039Z,36.277,-97.5,6.48,1.11,ml,41,72,0.2150577983,0.22,ok,ok2019tqpn,2019-10-07T14:16:42.083Z,"19km W of Perry, Oklahoma",earthquake,,0.7,0.25,7,reviewed,ok,ok
2019-10-07T11:04:34.690Z,35.5208333,-116.3165,2.08,2.51,ml,18,88,0.3315,0.15,ci,ci39116408,2019-10-07T16:27:27.117Z,"36km NW of Baker, CA",earthquake,0.22,1.01,0.138,98,reviewed,ci,ci
2019-10-07T11:04:15.740Z,35.834,-117.6615,2.66,1.64,ml,26,48,0.0551,0.17,ci,ci39116400,2019-10-07T16:21:11.392Z,"24km N of Ridgecrest, CA",earthquake,0.21,0.32,0.161,26,automatic,ci,ci
2019-10-07T11:03:57.450Z,38.7966652,-122.7365036,1.98,0.62,md,7,156,0.01628,0.02,nc,nc73287995,2019-10-07T12:47:02.865Z,"3km NE of The Geysers, CA",earthquake,0.59,1.14,0.06,2,automatic,nc,nc
2019-10-07T11:00:39.150Z,35.8298333,-117.6498333,9.36,1.32,ml,21,54,0.04479,0.13,ci,ci39116392,2019-10-07T11:04:24.496Z,"23km WNW of Searles Valley, CA",earthquake,0.23,0.53,0.084,11,automatic,ci,ci
2019-10-07T11:00:19.920Z,35.6623333,-117.4558333,3.12,1.28,ml,26,53,0.02633,0.19,ci,ci39116384,2019-10-07T11:04:07.383Z,"13km SSW of Searles Valley, CA",earthquake,0.3,0.38,0.166,16,automatic,ci,ci
2019-10-07T10:56:09.222Z,66.2962,-149.503,0,1.4,ml,,,,1.09,ak,ak019cv8rj4x,2019-10-07T11:02:20.614Z,"111km SSE of Coldfoot, Alaska",earthquake,,0.4,,,automatic,ak,ak
2019-10-07T10:53:56.510Z,33.5896667,-116.7095,13.13,0.59,ml,24,61,0.03353,0.11,ci,ci39116376,2019-10-07T10:57:34.458Z,"5km NW of Anza, CA",earthquake,0.25,0.42,0.132,22,automatic,ci,ci
2019-10-07T10:44:13.880Z,35.6433333,-117.4565,7.64,0.61,ml,16,61,0.03445,0.19,ci,ci39116368,2019-10-07T13:01:57.475Z,"15km SSW of Searles Valley, CA",earthquake,0.47,0.63,0.072,7,reviewed,ci,ci
2019-10-07T10:43:09.430Z,35.91,-117.7018333,4.67,0.07,ml,13,65,0.05634,0.26,ci,ci39116360,2019-10-07T10:46:43.232Z,"19km E of Little Lake, CA",earthquake,0.53,1.09,0.038,2,automatic,ci,ci
2019-10-07T10:39:36.470Z,35.667,-117.5363333,8.33,0.46,ml,9,128,0.0522,0.15,ci,ci39116352,2019-10-07T13:02:21.476Z,"14km ENE of Ridgecrest, CA",earthquake,0.5,1.13,0.218,5,reviewed,ci,ci
2019-10-07T10:34:46.770Z,35.6466667,-117.49,8.3,0.64,ml,13,88,0.04699,0.11,ci,ci39116344,2019-10-07T10:38:23.770Z,"16km SSW of Searles Valley, CA",earthquake,0.35,0.51,0.272,5,automatic,ci,ci
2019-10-07T10:32:10.539Z,59.3519,-152.5017,65,2.1,ml,,,,0.52,ak,ak019cv8me0m,2019-10-07T10:41:45.090Z,"60km SW of Anchor Point, Alaska",earthquake,,0.7,,,automatic,ak,ak
2019-10-07T10:21:26.870Z,19.191,-155.4616699,33.37,1.84,md,46,150,0.06709,0.12,hv,hv71169561,2019-10-07T10:24:37.570Z,"2km SE of Pahala, Hawaii",earthquake,0.61,0.8,0.12,4,automatic,hv,hv
2019-10-07T10:20:57.650Z,35.8865,-117.7243333,2.93,0.94,ml,21,61,0.08446,0.18,ci,ci39116336,2019-10-07T10:24:34.777Z,"17km ESE of Little Lake, CA",earthquake,0.27,0.38,0.126,13,automatic,ci,ci
2019-10-07T10:16:36.970Z,38.8279991,-122.8040009,1.75,0.79,md,17,49,0.006606,0.01,nc,nc73287980,2019-10-07T10:36:03.887Z,"7km NW of The Geysers, CA",earthquake,0.26,0.38,0.09,3,automatic,nc,nc
2019-10-07T10:11:01.860Z,35.669,-117.5255,7.81,0.77,ml,17,105,0.0588,0.17,ci,ci39116328,2019-10-07T13:02:56.477Z,"15km ENE of Ridgecrest, CA",earthquake,0.35,0.76,0.082,8,reviewed,ci,ci
2019-10-07T10:09:39.456Z,61.3714,-150.098,33.7,1.3,ml,,,,0.47,ak,ak019cv8hit5,2019-10-07T10:14:27.574Z,"18km SSW of Big Lake, Alaska",earthquake,,0.2,,,automatic,ak,ak
2019-10-07T10:07:35.930Z,36.2155,-117.8543333,4.32,2.03,ml,26,68,0.09772,0.2,ci,ci39116320,2019-10-07T16:42:58.086Z,"15km ESE of Olancha, CA",earthquake,0.36,1,0.163,27,automatic,ci,ci
2019-10-07T10:07:11.210Z,38.7965012,-122.7381668,1.73,0.9,md,13,73,0.01749,0.03,nc,nc73287965,2019-10-07T10:24:02.175Z,"3km NE of The Geysers, CA",earthquake,0.31,0.64,0.14,4,automatic,nc,nc
2019-10-07T09:56:41.690Z,37.651001,-118.9486694,5.81,0.82,md,11,122,0.01659,0.02,nc,nc73287960,2019-10-07T12:05:03.563Z,"3km ENE of Mammoth Lakes, CA",earthquake,1.38,1.51,0.23,11,automatic,nc,nc
2019-10-07T09:50:06.310Z,35.6083333,-117.461,7.32,0.79,ml,12,69,0.02181,0.2,ci,ci39116312,2019-10-07T13:03:25.731Z,"18km SSW of Searles Valley, CA",earthquake,0.64,0.56,0.153,6,reviewed,ci,ci
2019-10-07T09:49:41.320Z,19.5,-64.6036,92,3.42,md,12,334,2.0514,0.33,pr,pr2019280016,2019-10-07T12:54:39.164Z,"119km N of Road Town, British Virgin Islands",earthquake,4.39,11.53,0.36,8,reviewed,pr,pr
2019-10-07T09:48:30.210Z,19.1639996,-155.4420013,34.33,2.3,md,36,204,0.08435,0.11,hv,hv71169511,2019-10-07T09:51:53.120Z,"6km SE of Pahala, Hawaii",earthquake,0.69,0.81,0.08,3,automatic,hv,hv
2019-10-07T09:46:17.370Z,32.0278333,-116.2128333,14.83,1.71,ml,17,99,0.2261,0.26,ci,ci39116304,2019-10-07T17:26:28.934Z,"42km ENE of Ensenada, B.C., MX",earthquake,0.52,1.29,0.087,16,reviewed,ci,ci
2019-10-07T09:45:38.570Z,57.0433,-157.7349,86.3,2.4,ml,,,,0.94,ak,ak019cv83sxn,2019-10-07T09:51:01.632Z,"108km NE of Chignik Lake, Alaska",earthquake,,3.6,,,automatic,ak,ak
2019-10-07T09:38:49.080Z,19.2043,-67.2446,42,2.76,md,7,300,0.7488,0.37,pr,pr2019280015,2019-10-07T11:57:05.746Z,"80km N of San Antonio, Puerto Rico",earthquake,2.37,10.44,0.28,6,reviewed,pr,pr
2019-10-07T09:38:14.580Z,37.6484985,-118.9499969,5.09,0.87,md,13,118,0.0193,0.02,nc,nc73287955,2019-10-07T11:40:03.273Z,"3km ENE of Mammoth Lakes, CA",earthquake,0.8,1.03,0.28,12,automatic,nc,nc
2019-10-07T09:36:19.470Z,19.2126,-67.2786,29,2.49,md,6,301,0.8521,0.33,pr,pr2019280014,2019-10-07T11:56:36.489Z,"81km NNW of San Antonio, Puerto Rico",earthquake,2.19,20.67,0.31,4,reviewed,pr,pr
2019-10-07T09:32:06.450Z,35.6098333,-117.589,7.08,1.01,ml,23,49,0.02027,0.19,ci,ci39116296,2019-10-07T09:35:52.459Z,"8km E of Ridgecrest, CA",earthquake,0.29,0.64,0.306,13,automatic,ci,ci
2019-10-07T09:30:24.480Z,35.9056667,-117.694,1.92,1.32,ml,20,65,0.05504,0.17,ci,ci39116288,2019-10-07T09:34:07.572Z,"20km E of Little Lake, CA",earthquake,0.24,0.37,0.128,19,automatic,ci,ci
2019-10-07T09:28:40.560Z,36.52666667,-98.984,7.88,1.09,ml,21,138,0.04769064147,0.06,ok,ok2019tqma,2019-10-07T15:52:55.590Z,"22km ENE of Mooreland, Oklahoma",earthquake,,0.2,0.23,4,reviewed,ok,ok
2019-10-07T09:23:04.250Z,38.1466667,-85.0711667,13.24,2.41,md,12,67,0.1648,0.24,se,se60091123,2019-10-07T19:33:44.854Z,"15km ESE of Shelbyville, Kentucky",earthquake,0.77,1.04,0.083,10,reviewed,se,se
2019-10-07T09:20:19.720Z,33.3298333,-116.4018333,6.73,0.67,ml,24,70,0.06279,0.19,ci,ci39116272,2019-10-07T09:23:53.902Z,"9km NNW of Borrego Springs, CA",earthquake,0.31,0.74,0.179,15,automatic,ci,ci
2019-10-07T09:13:42.430Z,44.6286667,-111.0275,11.15,0.24,md,11,105,0.05713,0.15,uu,uu60344572,2019-10-07T13:29:14.070Z,"7km ESE of West Yellowstone, Montana",earthquake,0.52,1.33,0.409,7,reviewed,uu,uu
2019-10-07T09:10:26.730Z,36.1088333,-117.8443333,1.82,1.02,ml,15,95,0.0122,0.17,ci,ci39116264,2019-10-07T09:13:58.510Z,"12km NE of Coso Junction, CA",earthquake,0.35,0.26,0.274,13,automatic,ci,ci
2019-10-07T09:07:17.090Z,35.7086667,-117.5741667,7.18,1.15,ml,18,121,0.08654,0.18,ci,ci39116256,2019-10-07T09:10:52.988Z,"13km NE of Ridgecrest, CA",earthquake,0.42,0.73,0.104,8,automatic,ci,ci
2019-10-07T09:06:40.740Z,35.7661667,-117.5858333,10.01,1.78,ml,31,62,0.05037,0.17,ci,ci39116248,2019-10-07T09:10:40.487Z,"16km W of Searles Valley, CA",earthquake,0.28,0.62,0.212,26,automatic,ci,ci
2019-10-07T09:03:54.507Z,17.8668,145.7764,182.12,4.9,mb,,96,2.611,1.18,us,us70005rj9,2019-10-07T10:06:19.040Z,"27km S of Pagan, Northern Mariana Islands",earthquake,10.5,7.3,0.028,417,reviewed,us,us
2019-10-07T08:54:00.000Z,36.0746667,-117.8613333,1.56,0.95,ml,14,140,0.04314,0.13,ci,ci39116232,2019-10-07T13:04:26.182Z,"8km ENE of Coso Junction, CA",earthquake,0.25,0.29,0.239,14,reviewed,ci,ci
2019-10-07T08:53:52.460Z,18.58,-67.3291,86,2.44,md,9,240,0.2452,0.25,pr,pr2019280012,2019-10-07T10:02:43.850Z,"25km NW of Aguadilla, Puerto Rico",earthquake,1.81,1.25,0.33,9,reviewed,pr,pr
2019-10-07T08:51:59.300Z,19.2978,-67.3478,50,3,md,12,307,0.8634,0.28,pr,pr2019280011,2019-10-07T09:19:23.590Z,"92km NNW of San Antonio, Puerto Rico",earthquake,2.58,7.47,0.32,12,reviewed,pr,pr
2019-10-07T08:49:07.530Z,37.644001,-118.9514999,4.53,1.63,md,19,57,0.02389,0.01,nc,nc73287935,2019-10-07T10:59:03.017Z,"2km ENE of Mammoth Lakes, CA",earthquake,0.36,0.69,0.12,18,automatic,nc,nc
2019-10-07T08:39:51.080Z,37.6451683,-118.9493332,4.82,0.53,md,9,80,0.02218,0.01,nc,nc73287930,2019-10-07T08:59:02.314Z,"3km ENE of Mammoth Lakes, CA",earthquake,0.71,2.19,0.06,7,automatic,nc,nc
2019-10-07T08:35:05.850Z,35.6573333,-117.4616667,7.84,0.62,ml,12,142,0.06289,0.19,ci,ci39116224,2019-10-07T08:38:36.807Z,"13km SSW of Searles Valley, CA",earthquake,0.53,1.12,0.096,8,automatic,ci,ci
2019-10-07T08:31:51.050Z,38.8198318,-122.7785034,1.83,0.91,md,18,58,0.006781,0.02,nc,nc73287925,2019-10-07T08:48:04.280Z,"5km W of Cobb, CA",earthquake,0.25,0.46,0.15,4,automatic,nc,nc
2019-10-07T08:31:44.860Z,46.8684997558594,-121.756332397461,-0.819999992847443,1.14999998,md,16,90,,0.0700000003,uw,uw61553776,2019-10-07T08:33:38.550Z,"29km NNW of Packwood, Washington",earthquake,0.31,1.01999998,0.379999995,4,automatic,uw,uw
2019-10-07T08:21:39.700Z,35.8693333,-117.7203333,8.44,0.54,ml,10,70,0.07062,0.08,ci,ci39116216,2019-10-07T13:04:59.485Z,"18km ESE of Little Lake, CA",earthquake,0.24,0.54,0.138,5,reviewed,ci,ci
2019-10-07T08:19:35.010Z,35.665,-117.5333333,10.14,0.65,ml,15,128,0.05183,0.18,ci,ci39116208,2019-10-07T13:05:28.011Z,"14km ENE of Ridgecrest, CA",earthquake,0.5,0.89,0.269,8,reviewed,ci,ci
2019-10-07T08:18:27.300Z,35.6781667,-117.5426667,2.02,0.6,ml,14,122,0.06,0.19,ci,ci39116200,2019-10-07T13:05:48.489Z,"14km ENE of Ridgecrest, CA",earthquake,0.36,0.49,0.099,8,reviewed,ci,ci
2019-10-07T08:11:58.485Z,40.0118,-121.0552,11.9,2.9,ml,11,62.7,0.134,0.1576,nn,nn00706566,2019-10-07T18:05:43.598Z,"12km NW of Quincy, California",earthquake,,1.7,0.34,3,reviewed,nn,nn
2019-10-07T08:10:09.660Z,37.6464996,-118.947998,5.01,1.03,md,14,122,0.02057,0.03,nc,nc73287910,2019-10-07T10:19:04.146Z,"3km ENE of Mammoth Lakes, CA",earthquake,0.85,0.83,0.19,13,automatic,nc,nc
2019-10-07T08:09:03.664Z,38.9798,-118.2394,0,0.7,ml,6,163.54,0.343,0.1272,nn,nn00706612,2019-10-07T19:07:53.846Z,"30km WNW of Gabbs, Nevada",earthquake,,0,0,1,reviewed,nn,nn
2019-10-07T08:00:09.270Z,19.484333,-155.6134949,-0.99,1.98,ml,29,98,0.01546,0.28,hv,hv71169411,2019-10-07T08:05:56.320Z,"26km E of Honaunau-Napoopoo, Hawaii",earthquake,0.75,0.45,0.11,3,automatic,hv,hv
2019-10-07T07:58:18.620Z,35.7118333,-117.5123333,4.41,0.71,ml,19,76,0.08591,0.16,ci,ci39116192,2019-10-07T13:06:48.750Z,"12km WSW of Searles Valley, CA",earthquake,0.32,0.78,0.164,9,reviewed,ci,ci
2019-10-07T07:53:13.270Z,35.6495,-117.5131667,2.89,0.73,ml,18,75,0.05249,0.16,ci,ci39116184,2019-10-07T13:06:03.916Z,"15km ENE of Ridgecrest, CA",earthquake,0.26,0.33,0.162,7,reviewed,ci,ci
2019-10-07T07:52:04.890Z,35.9903333,-117.4368333,0.96,0.79,ml,11,215,0.07967,0.11,ci,ci39116176,2019-10-07T13:21:39.424Z,"25km N of Searles Valley, CA",earthquake,0.59,0.41,0.083,7,reviewed,ci,ci
2019-10-07T07:51:11.840Z,35.6298333,-117.5928333,10.11,0.9,ml,18,64,0.02084,0.16,ci,ci39116168,2019-10-07T07:54:53.866Z,"8km E of Ridgecrest, CA",earthquake,0.29,0.76,0.113,11,automatic,ci,ci
2019-10-07T07:49:19.010Z,33.7003333,-116.928,17.72,0.57,ml,20,50,0.01367,0.22,ci,ci39116160,2019-10-07T13:22:10.931Z,"6km SSW of Valle Vista, CA",earthquake,0.5,0.72,0.109,15,reviewed,ci,ci
2019-10-07T07:40:34.580Z,35.9121667,-117.7436667,10.02,0.49,ml,10,72,0.07063,0.04,ci,ci39116152,2019-10-07T13:22:27.264Z,"15km E of Little Lake, CA",earthquake,0.16,0.57,0.19,4,reviewed,ci,ci
2019-10-07T07:39:45.990Z,18.8001,-67.5383,102,2.75,md,6,301,0.4198,0.43,pr,pr2019280013,2019-10-07T11:14:05.488Z,"57km NW of Aguadilla, Puerto Rico",earthquake,10.18,5.08,0.31,3,reviewed,pr,pr
2019-10-07T07:35:40.510Z,35.6755,-117.5415,5.79,1.3,ml,22,90,0.05789,0.14,ci,ci39116144,2019-10-07T13:22:43.686Z,"14km ENE of Ridgecrest, CA",earthquake,0.27,0.73,0.177,18,reviewed,ci,ci
2019-10-07T07:28:10.421Z,39.2561,-120.1225,11.2,0.9,ml,11,102.43,0.049,0.1564,nn,nn00706609,2019-10-07T19:01:43.745Z,"6km WNW of Tahoe Vista, California",earthquake,,2.1,1.49,4,reviewed,nn,nn
2019-10-07T07:25:24.970Z,33.3165,-116.3895,8.28,0.41,ml,16,151,0.05345,0.12,ci,ci39116136,2019-10-07T07:29:03.692Z,"7km NNW of Borrego Springs, CA",earthquake,0.32,0.64,0.19,9,automatic,ci,ci
2019-10-07T07:25:07.895Z,41.7648,142.2819,55.56,3.9,mwr,,120,0.699,0.67,us,us70005rj0,2019-10-07T08:46:52.040Z,"63km S of Shizunai, Japan",earthquake,5.6,6.6,0.089,12,reviewed,us,us
2019-10-07T07:23:55.870Z,19.3386669,-155.128006,2.62,2.08,ml,51,123,0.04602,0.28,hv,hv71169346,2019-10-07T07:29:38.510Z,"15km SE of Volcano, Hawaii",earthquake,0.46,0.8,1.92,22,automatic,hv,hv
2019-10-07T07:23:18.390Z,33.321,-116.402,6.96,0.88,ml,34,74,0.05417,0.17,ci,ci39116128,2019-10-07T07:27:01.669Z,"8km NNW of Borrego Springs, CA",earthquake,0.25,0.58,0.174,24,automatic,ci,ci
2019-10-07T07:19:11.780Z,35.7341667,-117.5613333,11.42,0.8,ml,19,112,0.08655,0.23,ci,ci39116120,2019-10-07T07:22:59.400Z,"15km WSW of Searles Valley, CA",earthquake,0.44,1.14,0.272,9,automatic,ci,ci
2019-10-07T07:16:10.250Z,36.0333333,-118.436,4.38,0.83,ml,15,92,0.3111,0.21,ci,ci39116104,2019-10-07T07:19:46.649Z,"31km N of Kernville, CA",earthquake,0.49,3.4,0.128,5,automatic,ci,ci
2019-10-07T07:14:57.450Z,37.6451683,-118.9509964,4.8,1.28,md,19,71,0.02266,0.02,nc,nc73287865,2019-10-07T09:54:02.631Z,"3km ENE of Mammoth Lakes, CA",earthquake,0.43,0.71,0.23,18,automatic,nc,nc
2019-10-07T07:14:21.920Z,37.6445007,-118.9514999,4.66,1.11,md,15,126,0.02343,0.02,nc,nc73287860,2019-10-07T09:29:02.490Z,"3km ENE of Mammoth Lakes, CA",earthquake,0.58,0.96,0.11,15,automatic,nc,nc
2019-10-07T07:11:58.140Z,34.044,-117.2345,12.78,0.93,ml,30,93,0.1274,0.2,ci,ci39116096,2019-10-07T13:23:46.307Z,"2km E of Loma Linda, CA",earthquake,0.34,0.75,0.154,26,reviewed,ci,ci
2019-10-07T07:02:04.470Z,38.8193321,-122.7961655,1.85,1.02,md,19,37,0.01137,0.02,nc,nc73287855,2019-10-07T07:27:04.869Z,"6km NW of The Geysers, CA",earthquake,0.22,0.39,0.11,4,automatic,nc,nc
2019-10-07T07:00:57.153Z,66.3002,-157.2252,0.8,2.4,ml,,,,0.82,ak,ak019cv6nbwx,2019-10-07T07:07:35.248Z,"69km SSW of Kobuk, Alaska",earthquake,,0.4,,,automatic,ak,ak
2019-10-07T06:56:35.230Z,35.6721667,-117.4635,9.6,1.28,ml,26,69,0.03318,0.18,ci,ci39116088,2019-10-07T13:25:00.800Z,"12km SSW of Searles Valley, CA",earthquake,0.3,0.64,0.216,17,reviewed,ci,ci
2019-10-07T06:52:30.282Z,61.0153,-150.3789,45.5,1.5,ml,,,,0.68,ak,ak019cv6czh0,2019-10-07T06:56:01.401Z,"34km SW of Anchorage, Alaska",earthquake,,0.5,,,automatic,ak,ak
2019-10-07T06:43:04.060Z,19.1345,-67.2083,6,2.78,md,9,294,0.674,0.27,pr,pr2019280010,2019-10-07T07:28:44.998Z,"72km NNW of Isabela, Puerto Rico",earthquake,3.39,3.38,0.27,9,reviewed,pr,pr
2019-10-07T06:41:05.560Z,36.0738333,-117.8645,2.02,1.37,ml,22,84,0.04435,0.13,ci,ci39116080,2019-10-07T06:44:36.421Z,"8km ENE of Coso Junction, CA",earthquake,0.25,0.27,0.235,20,automatic,ci,ci
2019-10-07T06:38:39.950Z,35.8993333,-117.6968333,2.49,0.38,ml,6,101,0.0614,0.07,ci,ci39116072,2019-10-07T06:42:12.179Z,"19km ESE of Little Lake, CA",earthquake,0.26,0.54,0.102,5,automatic,ci,ci
2019-10-07T06:22:37.570Z,33.3766667,-116.8345,10.09,0.68,ml,31,42,0.03292,0.16,ci,ci39116064,2019-10-07T06:26:21.733Z,"4km NE of Palomar Observatory, CA",earthquake,0.22,0.61,0.131,22,automatic,ci,ci
2019-10-07T06:18:07.080Z,35.6683333,-117.4371667,4.09,1.72,ml,31,77,0.01144,0.18,ci,ci39116056,2019-10-07T06:28:43.230Z,"11km SSW of Searles Valley, CA",earthquake,0.26,0.56,0.169,27,automatic,ci,ci
2019-10-07T06:11:57.610Z,19.0893,-67.2321,6,2.74,md,11,286,0.6334,0.25,pr,pr2019280009,2019-10-07T07:28:18.518Z,"67km NNW of San Antonio, Puerto Rico",earthquake,4.04,3.87,0.2,10,reviewed,pr,pr
2019-10-07T06:11:33.884Z,38.9335,16.4466,35,4.6,mb,,55,0.345,1.01,us,us70005rig,2019-10-07T07:12:48.040Z,"3km WNW of Marcellinara, Italy",earthquake,4.9,2,0.145,14,reviewed,us,us
2019-10-07T06:05:31.210Z,35.7928333,-117.613,10.54,0.55,ml,8,99,0.0261,0.19,ci,ci39116032,2019-10-07T13:24:42.108Z,"19km W of Searles Valley, CA",earthquake,0.56,0.92,0.182,8,reviewed,ci,ci
2019-10-07T06:03:38.780Z,19.2683,-67.2491,41,2.58,md,4,325,1.1046,0.25,pr,pr2019280008,2019-10-07T07:27:30.422Z,"87km N of San Antonio, Puerto Rico",earthquake,3.7,18.52,0.27,4,reviewed,pr,pr
2019-10-07T06:03:18.659Z,61.8574,-149.967,21.4,1.4,ml,,,,0.7,ak,ak019cv62ghm,2019-10-07T06:14:12.063Z,"12km NNE of Willow, Alaska",earthquake,,0.2,,,automatic,ak,ak
2019-10-07T05:50:44.060Z,35.6658333,-117.437,6.18,0.84,ml,18,99,0.01087,0.19,ci,ci39116016,2019-10-07T13:24:56.108Z,"12km SSW of Searles Valley, CA",earthquake,0.43,0.69,0.099,8,reviewed,ci,ci
2019-10-07T05:49:56.341Z,61.5285,-146.5818,25.2,1.6,ml,,,,0.82,ak,ak019cv5qyq8,2019-10-07T05:54:36.508Z,"46km NNW of Valdez, Alaska",earthquake,,0.2,,,automatic,ak,ak
2019-10-07T05:48:03.900Z,35.84,-117.6525,6.92,0.43,ml,6,95,0.05082,0.04,ci,ci39116008,2019-10-07T05:51:37.412Z,"24km WNW of Searles Valley, CA",earthquake,0.29,0.81,0.13,3,automatic,ci,ci
2019-10-07T05:47:22.360Z,35.7128333,-117.5733333,3.2,0.88,ml,17,100,0.09066,0.19,ci,ci39116000,2019-10-07T05:51:06.274Z,"14km NE of Ridgecrest, CA",earthquake,0.35,1.62,0.118,10,automatic,ci,ci
2019-10-07T05:44:28.700Z,35.843,-117.66,4.59,0.37,ml,8,120,0.05761,0.08,ci,ci39115992,2019-10-07T13:25:10.111Z,"24km ESE of Little Lake, CA",earthquake,0.27,0.58,0.184,6,reviewed,ci,ci
2019-10-07T05:37:29.310Z,17.9045,-67.0586,7,2.18,md,3,323,0.0665,0.04,pr,pr2019280006,2019-10-07T07:26:08.150Z,"7km S of La Parguera, Puerto Rico",earthquake,0.87,0.32,0.03,3,reviewed,pr,pr
2019-10-07T05:31:09.530Z,35.6425,-117.4711667,4.18,0.46,ml,13,84,0.04478,0.15,ci,ci39115976,2019-10-07T13:25:45.114Z,"15km SSW of Searles Valley, CA",earthquake,0.32,0.6,0.084,7,reviewed,ci,ci
2019-10-07T05:19:16.300Z,35.8056667,-117.6208333,5.64,0.51,ml,13,75,0.02146,0.18,ci,ci39115960,2019-10-07T05:22:44.937Z,"20km WNW of Searles Valley, CA",earthquake,0.37,0.7,0.063,8,automatic,ci,ci
2019-10-07T05:11:01.070Z,35.8033333,-117.6463333,10.84,0.48,ml,9,78,0.04157,0.12,ci,ci39115952,2019-10-07T05:14:46.891Z,"20km N of Ridgecrest, CA",earthquake,0.38,0.71,0.136,6,automatic,ci,ci
2019-10-07T05:09:45.240Z,35.8311667,-117.6646667,6.68,0.57,ml,12,73,0.05671,0.19,ci,ci39115944,2019-10-07T05:13:20.137Z,"23km N of Ridgecrest, CA",earthquake,0.51,1.1,0.171,8,automatic,ci,ci
2019-10-07T05:07:55.200Z,35.6735,-117.4795,3.32,0.8,ml,17,120,0.04621,0.14,ci,ci39115936,2019-10-07T05:11:36.872Z,"12km SSW of Searles Valley, CA",earthquake,0.28,0.84,0.16,9,automatic,ci,ci
2019-10-07T05:04:42.310Z,35.5318333,-117.3726667,7.07,1.43,ml,26,66,0.009551,0.16,ci,ci39115928,2019-10-07T05:08:20.849Z,"26km S of Trona, CA",earthquake,0.28,0.45,0.157,20,automatic,ci,ci
2019-10-07T05:03:45.030Z,35.6233333,-117.4146667,5.12,0.69,ml,16,115,0.0534,0.17,ci,ci39115920,2019-10-07T05:07:15.839Z,"16km SSW of Trona, CA",earthquake,0.34,0.54,0.065,7,automatic,ci,ci
2019-10-07T04:55:23.300Z,36.1255,-117.8921667,2.56,0.73,ml,6,268,0.03122,0.09,ci,ci39115912,2019-10-07T13:27:02.121Z,"10km NNE of Coso Junction, CA",earthquake,0.67,0.21,0.16,6,reviewed,ci,ci
2019-10-07T04:54:45.359Z,40.0995,-121.0937,11.4,1,ml,5,180.35,0.331,0.1541,nn,nn00706608,2019-10-07T18:52:22.860Z,"12km WSW of Greenville, California",earthquake,,3.4,0.02,2,reviewed,nn,nn
2019-10-07T04:54:38.277Z,68.5407,-147.5755,0,1.4,ml,,,,1.62,ak,ak019cv56kac,2019-10-07T05:06:05.515Z,"95km WNW of Arctic Village, Alaska",earthquake,,0.5,,,automatic,ak,ak
2019-10-07T04:52:56.957Z,58.1903,-155.409,0,1.7,ml,,,,0.66,ak,ak019cv566bk,2019-10-07T04:58:12.893Z,"91km SE of King Salmon, Alaska",earthquake,,0.5,,,automatic,ak,ak
2019-10-07T04:50:46.874Z,-23.1116,-66.6058,198.55,4.8,mb,,51,1.457,0.9,us,us70005ric,2019-10-07T05:10:45.040Z,"94km W of El Aguilar, Argentina",earthquake,9.5,6.2,0.029,356,reviewed,us,us
2019-10-07T04:39:33.797Z,14.5274,-91.8511,74.7,4.2,mb,,150,0.151,1.39,us,us70005ria,2019-10-07T05:46:43.180Z,"10km S of Genova, Guatemala",earthquake,8.3,8.8,0.091,34,reviewed,us,us
2019-10-07T04:37:08.390Z,36.103,-117.9081667,4.36,2.18,ml,27,59,0.04555,0.14,ci,ci39115896,2019-10-07T04:48:13.290Z,"7km NNE of Coso Junction, CA",earthquake,0.22,0.43,0.199,25,automatic,ci,ci
2019-10-07T04:35:21.370Z,38.8199997,-122.8014984,2.39,0.4,md,10,67,0.007508,0.02,nc,nc73287780,2019-10-07T07:14:02.782Z,"6km NW of The Geysers, CA",earthquake,0.43,0.35,0.15,2,automatic,nc,nc
2019-10-07T04:34:16.730Z,38.810833,-122.8236694,2.48,0.57,md,11,97,0.00473,0.02,nc,nc73287775,2019-10-07T06:47:02.923Z,"7km WNW of The Geysers, CA",earthquake,0.34,0.7,0.01,2,automatic,nc,nc
2019-10-07T04:26:44.490Z,35.7131667,-117.5656667,7.85,1.12,ml,28,60,0.09097,0.19,ci,ci39115888,2019-10-07T04:30:33.342Z,"14km NE of Ridgecrest, CA",earthquake,0.32,1.07,0.148,14,automatic,ci,ci
2019-10-07T04:23:53.960Z,35.6798333,-117.5473333,9.53,0.87,ml,20,91,0.06033,0.2,ci,ci39115880,2019-10-07T13:27:57.156Z,"13km ENE of Ridgecrest, CA",earthquake,0.35,0.89,0.056,9,reviewed,ci,ci
2019-10-07T04:19:03.925Z,59.9253,-139.0255,0,3.2,ml,,,,1,ak,ak019cv4yzld,2019-10-07T04:26:15.046Z,"57km NE of Yakutat, Alaska",earthquake,,0.3,,,automatic,ak,ak
2019-10-07T04:18:17.170Z,35.881,-117.6825,2.05,0.74,ml,15,81,0.07167,0.2,ci,ci39115872,2019-10-07T04:22:02.560Z,"21km ESE of Little Lake, CA",earthquake,0.31,0.51,0.135,10,automatic,ci,ci
2019-10-07T04:16:56.030Z,37.6433334,-118.9498367,4.55,1.63,md,15,66,0.02404,0.02,nc,nc73287770,2019-10-07T06:20:04.752Z,"3km ENE of Mammoth Lakes, CA",earthquake,0.45,0.85,0.14,15,automatic,nc,nc
2019-10-07T04:15:23.180Z,35.7593333,-117.5496667,6.87,0.49,ml,8,151,0.06842,0.17,ci,ci39115864,2019-10-07T04:18:56.544Z,"13km W of Searles Valley, CA",earthquake,0.69,1.26,0.129,6,automatic,ci,ci
2019-10-07T04:09:15.550Z,44.5395,-110.5148333,3.85,1.87,ml,18,72,0.08363,0.15,uu,uu60344562,2019-10-07T13:33:53.050Z,"26km ENE of Old Faithful Geyser, Wyoming",earthquake,0.3,1.14,0.316,4,reviewed,uu,uu
2019-10-07T04:06:31.529Z,58.1809,-154.0742,66.3,2,ml,,,,1.02,ak,ak019cv4w9et,2019-10-07T04:10:40.595Z,"71km N of Larsen Bay, Alaska",earthquake,,0.8,,,automatic,ak,ak
2019-10-07T04:03:08.590Z,35.7746667,-117.5916667,8.7,1.54,ml,29,110,0.04126,0.18,ci,ci39115848,2019-10-07T13:28:09.158Z,"17km W of Searles Valley, CA",earthquake,0.28,0.68,0.213,19,reviewed,ci,ci
2019-10-07T03:46:47.962Z,-19.9941,169.4605,113.52,4.7,mb,,111,3.212,1.09,us,us70005rhy,2019-10-07T04:48:53.040Z,"53km SSE of Isangel, Vanuatu",earthquake,9.9,5.9,0.075,54,reviewed,us,us
2019-10-07T03:45:38.594Z,38.5616,-119.5482,7.7,0.8,ml,7,169.02,0.104,0.1513,nn,nn00706607,2019-10-07T18:49:17.658Z,"30km SW of Smith Valley, Nevada",earthquake,,3.7,0.19,2,reviewed,nn,nn
2019-10-07T03:43:47.927Z,61.9408,-147.9973,26.7,1.3,ml,,,,0.55,ak,ak019cv4isko,2019-10-07T03:46:24.935Z,"47km ENE of Sutton-Alpine, Alaska",earthquake,,0.3,,,automatic,ak,ak
2019-10-07T03:37:36.628Z,38.3585,-116.6217,14.2,1.6,ml,5,132.81,0.551,0.1576,nn,nn00706555,2019-10-07T17:32:21.602Z,"28km NW of Warm Springs, Nevada",earthquake,,4.5,0,1,reviewed,nn,nn
2019-10-07T03:32:28.610Z,17.8678,-66.6171,16,1.49,md,3,337,0.1753,0.27,pr,pr2019280001,2019-10-07T04:17:52.870Z,"15km S of Ponce, Puerto Rico",earthquake,6.63,6.06,0.08,3,reviewed,pr,pr
2019-10-07T03:29:47.310Z,-38.2632,177.2536,35,4.9,mww,,78,0.411,1.17,us,us70005rhr,2019-10-07T04:33:55.166Z,"20km S of Opotiki, New Zealand",earthquake,2.7,2,0.069,20,reviewed,us,us
2019-10-07T03:27:28.160Z,37.6468315,-118.9496689,5.03,1.05,md,13,99,0.02072,0.01,nc,nc73287755,2019-10-07T03:59:02.625Z,"3km ENE of Mammoth Lakes, CA",earthquake,0.75,1.43,0.17,13,automatic,nc,nc
2019-10-07T03:22:41.590Z,33.3341667,-116.1726667,4.68,0.89,ml,39,45,0.1567,0.29,ci,ci39115816,2019-10-07T03:26:23.236Z,"16km SSW of Oasis, CA",earthquake,0.4,1.6,0.104,22,automatic,ci,ci
2019-10-07T03:22:17.520Z,37.645668,-118.9499969,4.68,0.97,md,14,80,0.0219,0.02,nc,nc73287750,2019-10-07T05:53:03.602Z,"3km ENE of Mammoth Lakes, CA",earthquake,0.68,1.16,0.15,13,automatic,nc,nc
2019-10-07T03:21:46.362Z,39.4136,-119.8716,8.7,0.5,ml,9,135.85,0.164,0.0807,nn,nn00706554,2019-10-07T17:23:03.101Z,"12km SSE of Mogul, Nevada",earthquake,,3.4,0.09,3,reviewed,nn,nn
2019-10-07T03:20:20.050Z,38.7833328,-122.723999,1.81,0.16,md,7,82,0.009947,0.02,nc,nc73287745,2019-10-07T05:28:02.305Z,"3km ENE of The Geysers, CA",earthquake,0.51,0.76,0.07,2,automatic,nc,nc
2019-10-07T03:12:36.780Z,35.7643333,-117.5745,10.56,1.04,ml,21,68,0.0546,0.16,ci,ci39115808,2019-10-07T03:16:24.182Z,"15km W of Searles Valley, CA",earthquake,0.3,0.67,0.096,11,automatic,ci,ci
2019-10-07T03:11:11.029Z,61.396,-147.7185,24.9,1,ml,,,,0.22,ak,ak019cv4bq9k,2019-10-07T18:31:45.816Z,"70km ESE of Lazy Mountain, Alaska",earthquake,,0.8,,,reviewed,ak,ak
2019-10-07T03:04:51.780Z,62.9394,-150.5621,48.1,1.8,ml,,,,0.94,ak,ak019cv4afy2,2019-10-07T03:10:06.768Z,"72km NNW of Talkeetna, Alaska",earthquake,,4,,,automatic,ak,ak
2019-10-07T02:55:03.230Z,38.8176651,-122.7961655,2.48,0.78,md,11,80,0.009706,0.04,nc,nc73287740,2019-10-07T05:01:04.141Z,"6km NW of The Geysers, CA",earthquake,0.43,0.56,0.09,3,automatic,nc,nc
2019-10-07T02:49:51.450Z,35.9411667,-117.2945,0.47,0.74,ml,13,205,0.05093,0.14,ci,ci39115776,2019-10-07T02:53:39.753Z,"21km NNE of Trona, CA",earthquake,0.68,0.38,0.161,7,automatic,ci,ci
2019-10-07T02:46:48.620Z,35.5633333,-117.3948333,3.04,1.49,ml,25,85,0.04558,0.16,ci,ci39115768,2019-10-07T02:57:45.040Z,"22km S of Trona, CA",earthquake,0.22,0.26,0.16,20,automatic,ci,ci
2019-10-07T02:45:58.420Z,33.4873333,-116.4391667,12.51,0.8,ml,38,70,0.03769,0.19,ci,ci39115760,2019-10-07T13:29:11.320Z,"23km SSW of La Quinta, CA",earthquake,0.25,0.53,0.119,25,reviewed,ci,ci
2019-10-07T02:43:44.450Z,35.8941667,-117.7416667,9.95,0.61,ml,12,70,0.08273,0.11,ci,ci39115752,2019-10-07T02:47:18.800Z,"16km ESE of Little Lake, CA",earthquake,0.28,0.63,0.144,7,automatic,ci,ci
2019-10-07T02:41:07.560Z,33.6728333,-116.7733333,11.05,1.07,ml,42,25,0.06241,0.14,ci,ci39115744,2019-10-07T13:30:14.240Z,"9km SW of Idyllwild, CA",earthquake,0.19,0.37,0.263,28,reviewed,ci,ci
2019-10-07T02:40:00.069Z,62.7577,-148.8392,48.4,2.2,ml,,,,0.65,ak,ak019cv3wj0v,2019-10-07T02:46:30.533Z,"70km S of Cantwell, Alaska",earthquake,,0.6,,,automatic,ak,ak
2019-10-07T02:36:03.100Z,38.786499,-122.7438354,1.21,0.85,md,12,64,0.02214,0.04,nc,nc73287735,2019-10-07T04:34:02.848Z,"2km NE of The Geysers, CA",earthquake,0.22,0.69,0.12,5,automatic,nc,nc
2019-10-07T02:35:07.619Z,60.2672,-150.548,46.9,1.8,ml,,,,0.43,ak,ak019cv3vk4p,2019-10-07T03:05:14.852Z,"32km SSE of Sterling, Alaska",earthquake,,0.7,,,automatic,ak,ak
2019-10-07T02:35:05.255Z,31.6865,-104.3028,5,2.8,ml,,69,0.337,0.34,us,us70005rhi,2019-10-07T02:51:52.040Z,"66km W of Mentone, Texas",earthquake,1.1,1.9,0.083,46,reviewed,us,us
2019-10-07T02:31:41.548Z,31.7018,-104.3007,5,2.7,ml,,67,0.325,0.36,us,us70005rhh,2019-10-07T03:20:42.039Z,"66km W of Mentone, Texas",earthquake,0.7,1.8,0.085,22,reviewed,us,us
2019-10-07T02:30:40.200Z,35.7381667,-117.5446667,2.29,0.97,ml,20,71,0.08853,0.19,ci,ci39115728,2019-10-07T02:34:27.936Z,"13km WSW of Searles Valley, CA",earthquake,0.35,0.55,0.091,13,automatic,ci,ci
2019-10-07T02:30:28.720Z,33.488,-116.7926667,5.62,0.44,ml,20,47,0.08999,0.18,ci,ci39115720,2019-10-07T02:34:12.936Z,"8km NE of Aguanga, CA",earthquake,0.28,1.65,0.087,15,automatic,ci,ci
2019-10-07T02:27:25.348Z,57.8905,-156.1711,136.7,1.9,ml,,,,0.7,ak,ak019cv3tvrq,2019-10-07T02:30:45.450Z,"93km SSE of King Salmon, Alaska",earthquake,,0.7,,,automatic,ak,ak
2019-10-07T02:25:10.570Z,35.8468333,-117.6385,9.22,0.85,ml,12,114,0.04552,0.19,ci,ci39115712,2019-10-07T02:28:55.901Z,"23km WNW of Searles Valley, CA",earthquake,0.46,0.86,0.197,9,automatic,ci,ci
2019-10-07T02:19:38.260Z,38.7816658,-122.7238312,1.56,0.58,md,8,127,0.0102,0.03,nc,nc73287730,2019-10-07T04:06:02.671Z,"3km E of The Geysers, CA",earthquake,0.57,0.45,0.34,3,automatic,nc,nc
2019-10-07T02:17:43.590Z,18.0683,-65.6038,5,1.55,md,5,320,0.4214,0.41,pr,pr2019280007,2019-10-07T06:31:21.428Z,"14km WSW of Esperanza, Puerto Rico",earthquake,3.52,3.94,0.13,3,reviewed,pr,pr
2019-10-07T02:17:23.090Z,37.6274986,-118.8653336,1.16,0.88,md,8,115,0.0087,0.01,nc,nc73287725,2019-10-07T03:39:04.486Z,"10km E of Mammoth Lakes, CA",earthquake,0.53,1.2,0.2,8,automatic,nc,nc
2019-10-07T02:16:21.150Z,35.723,-117.4921667,1.85,0.73,ml,20,83,0.08027,0.16,ci,ci39115704,2019-10-07T02:19:48.552Z,"9km WSW of Searles Valley, CA",earthquake,0.31,0.53,0.132,9,automatic,ci,ci
2019-10-07T02:16:16.240Z,19.2461,-67.2136,12,2.91,md,7,315,0.7853,0.28,pr,pr2019280005,2019-10-07T06:30:22.596Z,"84km NNW of Isabela, Puerto Rico",earthquake,9.2,12.99,0.12,7,reviewed,pr,pr
2019-10-07T02:14:53.060Z,38.8221664,-122.8498306,1.82,0.85,md,16,84,0.0116,0.03,nc,nc73287715,2019-10-07T02:58:03.231Z,"10km WNW of The Geysers, CA",earthquake,0.22,0.49,0.07,4,automatic,nc,nc
2019-10-07T02:07:54.690Z,17.906,-66.5473,16,1.6,md,3,288,0.1489,0.15,pr,pr2019280004,2019-10-07T06:29:49.680Z,"10km SSW of Potala Pastillo, Puerto Rico",earthquake,1.4,2.04,0.11,3,reviewed,pr,pr
2019-10-07T02:02:09.460Z,44.6311667,-111.026,11.18,0.67,md,14,53,0.05746,0.19,uu,uu60344557,2019-10-07T13:57:02.450Z,"7km ESE of West Yellowstone, Montana",earthquake,0.57,0.88,0.467,10,reviewed,uu,uu
2019-10-07T02:01:37.520Z,35.7628333,-117.5725,12.48,0.49,ml,7,252,0.05657,0.09,ci,ci39115680,2019-10-07T02:05:13.924Z,"15km W of Searles Valley, CA",earthquake,1.16,0.55,0.148,5,automatic,ci,ci
2019-10-07T01:58:55.750Z,33.5685,-116.8585,0.03,0.18,ml,12,90,0.06199,0.35,ci,ci39115656,2019-10-07T02:02:41.508Z,"14km N of Aguanga, CA",earthquake,0.76,31.61,0.025,2,automatic,ci,ci
2019-10-07T01:52:41.250Z,36.62883333,-99.05966667,7.09,1.09,ml,18,225,0.07918446131,0.11,ok,ok2019tpxb,2019-10-07T16:33:49.852Z,"24km NNE of Mooreland, Oklahoma",earthquake,,0.4,0.15,6,reviewed,ok,ok
2019-10-07T01:50:02.650Z,17.9256,-66.5778,14,1.36,md,3,276,0.1206,0.14,pr,pr2019280003,2019-10-07T06:29:06.980Z,"10km SSE of Ponce, Puerto Rico",earthquake,1.28,1.41,0.09,3,reviewed,pr,pr
2019-10-07T01:48:19.800Z,33.5996667,-116.8091667,5.99,0.85,ml,37,40,0.03808,0.2,ci,ci39115640,2019-10-07T01:52:08.009Z,"14km WNW of Anza, CA",earthquake,0.27,0.48,0.175,27,automatic,ci,ci
2019-10-07T01:47:36.539Z,61.3624,-150.1157,39.8,2.1,ml,,,,0.61,ak,ak019cv3crcf,2019-10-07T02:26:56.827Z,"19km NW of Anchorage, Alaska",earthquake,,0.9,,,automatic,ak,ak
2019-10-07T01:44:24.640Z,35.6205,-117.4405,5.61,0.77,ml,16,86,0.03826,0.19,ci,ci39115632,2019-10-07T01:48:05.028Z,"17km SSW of Searles Valley, CA",earthquake,0.43,0.76,0.151,8,automatic,ci,ci
2019-10-07T01:07:05.730Z,35.6833333,-117.5201667,7.86,1.18,ml,28,60,0.073,0.19,ci,ci39115608,2019-10-07T13:31:17.860Z,"14km SW of Searles Valley, CA",earthquake,0.32,0.81,0.153,15,reviewed,ci,ci
2019-10-07T01:02:15.720Z,37.6603317,-119.6999969,2.7,2.21,md,6,208,0.513,0.15,nc,nc73287720,2019-10-07T03:13:02.324Z,"13km SW of Yosemite Village, CA",earthquake,3.02,14.83,0.22,3,automatic,nc,nc
2019-10-07T01:02:14.234Z,19.5972,-64.5215,10,4.6,mb,,127,1.916,0.9,us,us70005rgt,2019-10-07T09:04:56.850Z,"131km N of Road Town, British Virgin Islands",earthquake,3.9,1.8,0.071,59,reviewed,us,us
2019-10-07T00:57:31.340Z,35.6758333,-117.53,6.94,0.93,ml,18,108,0.0819,0.2,ci,ci39115592,2019-10-07T01:01:17.490Z,"14km ENE of Ridgecrest, CA",earthquake,0.37,1.09,0.157,12,automatic,ci,ci
2019-10-07T00:53:11.470Z,38.8178329,-122.7798309,1.06,0.34,md,10,96,0.004616,0.03,nc,nc73287695,2019-10-07T01:09:03.631Z,"5km W of Cobb, CA",earthquake,0.3,0.58,0.14,2,automatic,nc,nc
2019-10-07T00:42:42.434Z,60.234,-152.1576,66.6,1.6,ml,,,,0.57,ak,ak019cv2q9mb,2019-10-07T00:47:32.832Z,"42km SE of Redoubt Volcano, Alaska",earthquake,,1.1,,,automatic,ak,ak
2019-10-07T00:38:40.250Z,35.6146667,-117.4843333,6.87,1.12,ml,19,58,0.01648,0.15,ci,ci39115568,2019-10-07T00:42:26.630Z,"17km E of Ridgecrest, CA",earthquake,0.29,0.43,0.117,14,automatic,ci,ci
2019-10-07T00:35:53.680Z,38.8178329,-122.7981644,3.39,1.02,md,22,39,0.0101,0.02,nc,nc73287690,2019-10-07T00:52:04.534Z,"6km NW of The Geysers, CA",earthquake,0.23,0.46,0.06,6,automatic,nc,nc
2019-10-07T00:34:06.803Z,37.1326,-115.7557,8.7,1.1,ml,43,78.71,0.158,0.1701,nn,nn00706545,2019-10-07T16:58:26.314Z,"58km WSW of Alamo, Nevada",earthquake,,2.3,0.22,24,reviewed,nn,nn
2019-10-07T00:32:26.460Z,35.6405,-117.4435,5.7,0.89,ml,17,78,0.02939,0.19,ci,ci39115560,2019-10-07T00:36:12.500Z,"15km SSW of Searles Valley, CA",earthquake,0.35,0.59,0.108,8,automatic,ci,ci
2019-10-07T00:25:50.533Z,37.9956,-118.639,12.5,0.7,ml,4,336.59,0.277,0.1313,nn,nn00706605,2019-10-07T18:36:56.819Z,"48km NE of Mammoth Lakes, California",earthquake,,15,0.16,2,reviewed,nn,nn
2019-10-07T00:24:12.160Z,35.863,-117.636,12.11,0.7,ml,14,125,0.05659,0.23,ci,ci39115552,2019-10-07T00:27:49.629Z,"24km WNW of Searles Valley, CA",earthquake,0.62,1.09,0.139,8,automatic,ci,ci
2019-10-07T00:21:48.790Z,38.8086662,-122.7401657,2.75,0.64,md,5,139,0.01093,0.01,nc,nc73287685,2019-10-07T00:38:02.444Z,"2km SW of Cobb, CA",earthquake,0.83,1.38,0.07,2,automatic,nc,nc
2019-10-07T00:20:59.790Z,40.2970009,-124.5706635,17.82,2.37,md,9,278,0.1747,0.02,nc,nc73287680,2019-10-07T02:30:03.234Z,"24km W of Petrolia, CA",earthquake,2.25,0.96,0.07,5,automatic,nc,nc
2019-10-07T00:20:57.990Z,17.8716,-66.5411,15,1.49,md,4,294,0.1832,0.34,pr,pr2019280002,2019-10-07T06:28:18.692Z,"14km SSW of Potala Pastillo, Puerto Rico",earthquake,2.58,4.91,0.13,3,reviewed,pr,pr
2019-10-07T00:17:05.820Z,35.6605,-117.485,2.97,1.22,ml,26,51,0.05014,0.19,ci,ci39115536,2019-10-07T00:27:58.200Z,"14km SSW of Searles Valley, CA",earthquake,0.26,0.33,0.193,16,automatic,ci,ci
2019-10-07T00:16:58.485Z,-59.7842,-26.2635,35,5.3,mb,,37,7.836,0.79,us,us70005rgp,2019-10-07T01:55:00.040Z,"84km S of Bristol Island, South Sandwich Islands",earthquake,9,1.9,0.05,136,reviewed,us,us
2019-10-07T00:10:03.100Z,40.3036652,-124.6096649,17.53,3.47,ml,31,237,0.2048,0.14,nc,nc73287665,2019-10-07T18:41:50.792Z,"28km W of Petrolia, CA",earthquake,1.35,0.57,0.241,5,automatic,nc,nc
2019-10-07T00:09:30.940Z,37.1213341,-121.5226669,5.84,1.97,md,46,65,0.06484,0.09,nc,nc73287660,2019-10-07T02:00:02.970Z,"9km ENE of San Martin, CA",earthquake,0.2,0.56,0.18,32,automatic,nc,nc
2019-10-07T00:05:06.550Z,35.6888333,-117.554,6.95,0.53,ml,12,129,0.1087,0.27,ci,ci39115512,2019-10-07T00:08:40.948Z,"13km NE of Ridgecrest, CA",earthquake,0.78,1.82,0.204,8,automatic,ci,ci
2019-10-07T00:01:05.230Z,35.881,-117.6896667,3.03,0.31,ml,9,79,0.07398,0.23,ci,ci39115504,2019-10-07T00:04:39.743Z,"20km ESE of Little Lake, CA",earthquake,0.54,3.27,0.119,4,automatic,ci,ci
2019-10-07T00:00:30.750Z,35.30083333,-97.96566667,7,1.33,ml,11,104,0.1223759857,0.32,ok,ok2019tptj,2019-10-07T16:59:08.413Z,"2km SW of Minco, Oklahoma",earthquake,,2,0.01,2,reviewed,ok,ok
2019-10-06T23:59:07.460Z,35.5311667,-117.3678333,7.16,1,ml,19,96,0.006763,0.19,ci,ci39115488,2019-10-07T00:02:50.066Z,"26km S of Trona, CA",earthquake,0.39,0.52,0.105,12,automatic,ci,ci
2019-10-06T23:48:19.071Z,60.0842,-140.6019,11.8,2,ml,,,,0.89,ak,ak019ctsx4j7,2019-10-06T23:51:47.375Z,"77km NW of Yakutat, Alaska",earthquake,,0.2,,,automatic,ak,ak
2019-10-06T23:30:38.960Z,18.6021,-67.2475,19,2.11,md,13,234,0.1916,0.16,pr,pr2019279036,2019-10-07T06:27:31.108Z,"19km NW of San Antonio, Puerto Rico",earthquake,0.93,0.51,0.16,12,reviewed,pr,pr
2019-10-06T23:28:26.290Z,35.9203333,-117.6641667,1.97,0.86,ml,14,63,0.0297,0.18,ci,ci39115456,2019-10-06T23:32:11.206Z,"22km E of Little Lake, CA",earthquake,0.27,0.37,0.092,12,automatic,ci,ci
2019-10-06T23:28:18.940Z,61.1852,-147.7598,16.9,3.6,ml,,,,0.76,ak,ak019ctssu6y,2019-10-06T23:45:07.040Z,"67km NE of Whittier, Alaska",earthquake,,0.2,,,automatic,ak,ak
2019-10-06T23:23:30.350Z,35.6593333,-117.4601667,8.03,1.93,ml,34,47,0.03027,0.17,ci,ci39115448,2019-10-06T23:34:43.150Z,"13km SSW of Searles Valley, CA",earthquake,0.26,0.55,0.161,25,automatic,ci,ci
2019-10-06T23:20:38.150Z,35.8611667,-117.689,7.43,0.57,ml,11,81,0.08098,0.17,ci,ci39115440,2019-10-06T23:24:23.685Z,"21km ESE of Little Lake, CA",earthquake,0.39,1.09,0.181,5,automatic,ci,ci
2019-10-06T23:17:33.090Z,40.3036667,-124.58,18.6,3.09,ml,33,248,0.1822,0.13,nc,nc73287645,2019-10-07T18:52:02.640Z,"25km W of Petrolia, CA",earthquake,1.07,0.36,0.243,26,reviewed,nc,nc
2019-10-06T23:16:52.650Z,19.171833,-155.4674988,30.8,1.89,md,24,103,0.01711,0.11,hv,hv71168881,2019-10-06T23:20:00.520Z,"3km SSE of Pahala, Hawaii",earthquake,0.69,1.29,0.3,3,automatic,hv,hv
2019-10-06T23:16:28.550Z,35.8645,-117.6815,8.91,1.07,ml,16,83,0.08381,0.13,ci,ci39115432,2019-10-06T23:20:06.656Z,"22km ESE of Little Lake, CA",earthquake,0.25,0.64,0.258,16,automatic,ci,ci
2019-10-06T23:16:19.210Z,33.3261667,-116.4028333,6.72,0.98,ml,40,71,0.05904,0.2,ci,ci39115424,2019-10-07T13:33:22.350Z,"8km NNW of Borrego Springs, CA",earthquake,0.27,0.58,0.196,27,reviewed,ci,ci
2019-10-06T23:12:41.220Z,37.2610016,-121.5076675,8.44,2.01,md,42,59,0.08996,0.09,nc,nc73287640,2019-10-07T01:03:03.596Z,"20km NE of Morgan Hill, CA",earthquake,0.16,0.53,0.18,32,automatic,nc,nc
2019-10-06T23:08:54.580Z,35.9323333,-117.7111667,3.57,0.56,ml,9,97,0.05172,0.05,ci,ci39115408,2019-10-07T13:33:23.480Z,"18km E of Little Lake, CA",earthquake,0.18,1.04,0.182,6,reviewed,ci,ci
2019-10-06T23:07:32.680Z,35.8648333,-117.6841667,8.46,1.11,ml,20,81,0.08578,0.12,ci,ci39115400,2019-10-06T23:11:18.598Z,"22km ESE of Little Lake, CA",earthquake,0.23,0.56,0.261,16,automatic,ci,ci
2019-10-06T23:07:25.586Z,64.963,-147.4711,0,1.5,ml,,,,1.34,ak,ak019ctsocn6,2019-10-06T23:11:57.054Z,"18km NE of Fairbanks, Alaska",earthquake,,1,,,automatic,ak,ak
2019-10-06T23:02:50.200Z,35.8615,-117.673,8.71,1.05,ml,25,88,0.07647,0.13,ci,ci39115392,2019-10-06T23:13:32.600Z,"23km ESE of Little Lake, CA",earthquake,0.23,0.57,0.174,14,automatic,ci,ci
2019-10-06T23:02:31.426Z,33.8149,132.269,50.17,4.6,mb,,64,1.341,0.63,us,us70005rfp,2019-10-07T12:20:45.502Z,"21km SE of Yanai, Japan",earthquake,5.8,6.6,0.047,136,reviewed,us,us
2019-10-06T22:56:25.330Z,38.7666664,-122.7696686,10.84,0.36,md,8,124,0.03007,0.14,nc,nc73287635,2019-10-06T23:13:03.185Z,"2km SW of The Geysers, CA",earthquake,3.01,1.99,0.25,2,automatic,nc,nc
2019-10-06T22:40:49.290Z,19.281,-67.3671,24,2.84,md,7,307,0.8528,0.49,pr,pr2019279035,2019-10-07T00:59:57.222Z,"91km NNW of San Antonio, Puerto Rico",earthquake,3.18,36.74,0.22,4,reviewed,pr,pr
2019-10-06T22:39:40.030Z,35.8603333,-117.6778333,7.98,0.75,ml,17,85,0.07899,0.17,ci,ci39115376,2019-10-07T13:34:40.220Z,"22km ESE of Little Lake, CA",earthquake,0.34,0.86,0.125,9,reviewed,ci,ci
2019-10-06T22:39:06.060Z,33.092,-115.9423333,3.6,2.78,ml,85,22,0.1033,0.26,ci,ci39115368,2019-10-07T17:59:21.213Z,"18km ESE of Ocotillo Wells, CA",earthquake,0.17,0.63,0.143,127,reviewed,ci,ci
2019-10-06T22:31:31.860Z,18.8113,-67.324,17,2.56,md,5,309,0.4043,0.2,pr,pr2019279034,2019-10-07T00:52:55.702Z,"42km NW of San Antonio, Puerto Rico",earthquake,1.44,1.08,0.2,3,reviewed,pr,pr
2019-10-06T22:26:47.074Z,66.8089,-147.4152,5.9,1.4,ml,,,,1.18,ak,ak019cts71bw,2019-10-06T22:31:39.307Z,"98km WNW of Fort Yukon, Alaska",earthquake,,0.4,,,automatic,ak,ak
2019-10-06T22:22:14.990Z,37.6548347,-118.9388351,4.61,1.2,md,7,158,0.01121,0.01,nc,nc73287620,2019-10-07T00:33:03.420Z,"4km ENE of Mammoth Lakes, CA",earthquake,2.19,1.6,0.16,8,automatic,nc,nc
2019-10-06T22:10:00.110Z,35.68,-117.5048333,1.48,1.01,ml,17,101,0.06772,0.17,ci,ci39115344,2019-10-06T22:13:42.223Z,"13km SW of Searles Valley, CA",earthquake,0.32,0.47,0.089,13,automatic,ci,ci
2019-10-06T22:09:29.880Z,35.8278333,-117.6333333,15.74,0.46,ml,9,99,0.03152,0.24,ci,ci39115336,2019-10-06T22:13:03.530Z,"22km WNW of Searles Valley, CA",earthquake,0.82,1.37,0.225,5,automatic,ci,ci
2019-10-06T22:02:49.484Z,63.812,-149.0917,11.5,1.2,ml,,,,0.58,ak,ak019cts1wc4,2019-10-06T22:14:15.311Z,"7km SW of Healy, Alaska",earthquake,,0.3,,,automatic,ak,ak
2019-10-06T22:02:20.970Z,17.9051,-66.5778,16,1.82,md,4,279,0.1406,0.07,pr,pr2019279032,2019-10-07T00:52:41.790Z,"12km SSE of Ponce, Puerto Rico",earthquake,3.17,5.13,0.16,2,reviewed,pr,pr
2019-10-06T21:52:01.710Z,38.8213348,-122.8098297,3.04,0.78,md,14,62,0.002066,0.01,nc,nc73287605,2019-10-06T22:06:02.775Z,"7km NW of The Geysers, CA",earthquake,0.36,0.56,0.69,2,automatic,nc,nc
2019-10-06T21:49:00.723Z,63.2103,-150.9165,0,2,ml,,,,1.14,ak,ak019ctrqfmm,2019-10-06T21:53:50.539Z,"100km W of Cantwell, Alaska",earthquake,,0.3,,,automatic,ak,ak
2019-10-06T21:46:28.690Z,19.8673,-64.5786,51,3.14,md,12,319,2.1664,0.39,pr,pr2019279033,2019-10-07T00:52:22.590Z,"160km N of Road Town, British Virgin Islands",earthquake,3.89,24.92,0.3,9,reviewed,pr,pr
2019-10-06T21:37:14.961Z,58.7584,-152.6669,60,2.2,ml,,,,0.38,ak,ak019ctrnw4y,2019-10-06T21:42:57.420Z,"108km N of Kodiak, Alaska",earthquake,,0.8,,,automatic,ak,ak
2019-10-06T21:36:17.060Z,35.74,-117.5558333,10.39,0.77,ml,13,115,0.08283,0.18,ci,ci39115320,2019-10-07T13:37:27.345Z,"14km WSW of Searles Valley, CA",earthquake,0.52,1.04,0.104,9,reviewed,ci,ci
2019-10-06T21:34:56.378Z,59.5506,-138.8547,7.1,1.9,ml,,,,0.37,ak,ak019ctrnc5x,2019-10-06T21:41:16.053Z,"49km E of Yakutat, Alaska",earthquake,,0.2,,,automatic,ak,ak
2019-10-06T21:31:31.900Z,44.817,-110.8988333,5.14,1.43,ml,15,123,0.04479,0.14,uu,uu60344552,2019-10-07T15:03:26.840Z,"23km NE of West Yellowstone, Montana",earthquake,0.37,0.9,0.234,3,reviewed,uu,uu
2019-10-06T21:30:20.640Z,19.7251,-64.4858,25,3.47,md,13,321,2.135,0.55,pr,pr2019279031,2019-10-07T00:51:58.414Z,"145km N of Road Town, British Virgin Islands",earthquake,3.24,31.61,0.31,11,reviewed,pr,pr
2019-10-06T21:26:15.680Z,36.0881667,-117.8575,5.38,0.99,ml,16,85,0.02943,0.14,ci,ci39115312,2019-10-07T13:37:43.729Z,"10km ENE of Coso Junction, CA",earthquake,0.36,0.54,0.317,15,reviewed,ci,ci
2019-10-06T21:23:27.040Z,35.6391667,-117.4463333,4.44,2.17,ml,33,75,0.03179,0.15,ci,ci39115304,2019-10-06T21:34:01.990Z,"15km SSW of Searles Valley, CA",earthquake,0.25,0.45,0.16,26,automatic,ci,ci
2019-10-06T21:21:00.867Z,20.6405,144.9436,119.94,4.7,mb,,144,5.43,0.64,us,us70005rf2,2019-10-06T21:36:30.040Z,"12km NNE of Farallon de Pajaros, Northern Mariana Islands",earthquake,9.2,8.1,0.097,32,reviewed,us,us
2019-10-06T21:16:09.239Z,61.4646,-146.5546,26.4,1.5,ml,,,,0.6,ak,ak019ctrjdnc,2019-10-06T21:21:10.544Z,"38km NNW of Valdez, Alaska",earthquake,,0.2,,,automatic,ak,ak
2019-10-06T21:15:30.640Z,35.6753333,-117.519,6.33,0.75,ml,18,111,0.06703,0.18,ci,ci39115296,2019-10-06T21:19:14.879Z,"15km SW of Searles Valley, CA",earthquake,0.36,0.85,0.09,8,automatic,ci,ci
2019-10-06T21:14:59.380Z,18.0521,-66.5041,13,0.98,md,3,310,0.0784,0.03,pr,pr2019279030,2019-10-07T00:51:45.549Z,"0km E of Juana Diaz, Puerto Rico",earthquake,1.59,0.63,0.12,2,reviewed,pr,pr
2019-10-06T21:14:40.760Z,19.4918,-64.46,47,3.27,md,14,321,2.0087,0.39,pr,pr2019279029,2019-10-07T00:51:27.870Z,"120km N of Road Town, British Virgin Islands",earthquake,3.62,24.21,0.39,8,reviewed,pr,pr
2019-10-06T21:08:06.790Z,35.8293333,-117.6665,3.92,0.93,ml,19,71,0.05769,0.19,ci,ci39115288,2019-10-06T21:11:54.703Z,"23km N of Ridgecrest, CA",earthquake,0.32,0.76,0.222,14,automatic,ci,ci
2019-10-06T21:06:56.620Z,33.3251667,-116.4208333,5.81,2.05,ml,69,42,0.0569,0.24,ci,ci39115280,2019-10-06T21:17:53.900Z,"9km NNW of Borrego Springs, CA",earthquake,0.23,0.77,0.142,26,automatic,ci,ci
2019-10-06T21:04:07.240Z,19.7171,-64.5823,46,3.65,md,15,319,2.0583,0.47,pr,pr2019279028,2019-10-07T00:51:01.854Z,"143km N of Road Town, British Virgin Islands",earthquake,3.9,29.62,0.23,12,reviewed,pr,pr
2019-10-06T21:02:40.290Z,36.1969986,-120.1631699,13.84,2.21,md,7,188,0.1431,0.02,nc,nc73287585,2019-10-06T23:52:03.666Z,"5km W of Huron, CA",earthquake,1.87,1.75,0.48,3,automatic,nc,nc
2019-10-06T21:01:41.000Z,35.885,-117.6721667,6.7,0.11,ml,8,90,0.06521,0.1,ci,ci39115272,2019-10-07T15:04:41.367Z,"22km ESE of Little Lake, CA",earthquake,0.27,0.96,0.087,3,reviewed,ci,ci
2019-10-06T20:58:39.750Z,35.874,-117.681,4.17,0.66,ml,9,152,0.07782,0.18,ci,ci39115264,2019-10-06T21:02:19.790Z,"22km ESE of Little Lake, CA",earthquake,0.53,1.19,0.138,9,automatic,ci,ci
2019-10-06T20:55:50.540Z,35.627,-117.3103333,2.93,1.39,ml,14,189,0.04223,0.26,ci,ci39115256,2019-10-06T20:59:33.765Z,"16km SSE of Trona, CA",earthquake,1.4,31.61,0.391,18,automatic,ci,ci
2019-10-06T20:37:46.290Z,35.7236667,-117.6013333,5.34,0.76,ml,9,183,0.1521,0.26,ci,ci39115240,2019-10-06T20:41:30.658Z,"13km NNE of Ridgecrest, CA",earthquake,2.29,31.61,0.28,8,automatic,ci,ci
2019-10-06T20:29:46.610Z,35.7036667,-117.5543333,7.63,1.09,ml,24,101,0.08233,0.15,ci,ci39115224,2019-10-06T20:33:22.045Z,"14km NE of Ridgecrest, CA",earthquake,0.29,0.79,0.164,14,automatic,ci,ci
2019-10-06T20:24:17.792Z,60.3765,-143.5726,55,1.4,ml,,,,1.21,ak,ak019ctqzou1,2019-10-06T20:29:39.746Z,"72km WNW of Cape Yakataga, Alaska",earthquake,,1.4,,,automatic,ak,ak
2019-10-06T20:19:25.450Z,34.0143333,-117.1905,13.31,1.11,ml,39,48,0.1196,0.18,ci,ci39115208,2019-10-06T20:23:03.534Z,"5km S of Redlands, CA",earthquake,0.24,0.66,0.216,29,automatic,ci,ci
2019-10-06T20:16:01.070Z,35.833,-117.6625,2.67,2.03,ml,32,40,0.05555,0.19,ci,ci39115200,2019-10-06T20:26:38.170Z,"24km N of Ridgecrest, CA",earthquake,0.2,0.35,0.146,25,automatic,ci,ci
2019-10-06T20:13:36.710Z,38.8415,-111.3986667,-1.99,1.21,ml,9,130,0.06444,0.15,uu,uu60344547,2019-10-07T15:21:00.360Z,"36km SW of Ferron, Utah",earthquake,1.06,1.28,0.199,3,reviewed,uu,uu
2019-10-06T20:11:25.170Z,33.4165,-116.3771667,13.07,2.29,ml,102,17,0.07817,0.19,ci,ci39115184,2019-10-07T18:39:34.220Z,"18km N of Borrego Springs, CA",earthquake,0.12,0.3,0.161,99,reviewed,ci,ci
2019-10-06T20:03:04.970Z,35.711,-117.5756667,6.55,0.86,ml,19,99,0.08893,0.17,ci,ci39115160,2019-10-07T13:43:31.920Z,"14km NE of Ridgecrest, CA",earthquake,0.35,0.99,0.154,12,reviewed,ci,ci
2019-10-06T19:59:59.280Z,35.8606667,-117.6838333,6.34,1.15,ml,22,81,0.08324,0.18,ci,ci39115152,2019-10-06T20:03:42.893Z,"22km ESE of Little Lake, CA",earthquake,0.27,0.74,0.129,18,automatic,ci,ci